payload,task,round,classe,e_m,e_d,t_m_us,mirror_us,t_d_us,t_d_draft_us,t_d_accept_us
P1a,17,2,prosa,2,0,21835,78575,122502,12185,110317
P1a,17,3,prosa,6,7,39104,98418,122013,12627,109386
P1a,17,4,prosa,6,7,38501,95619,122127,12114,110013
P1a,17,5,prosa,4,4,38442,96688,121695,12327,109368
P1a,17,6,prosa,0,1,10397,71944,121904,12172,109732
P1a,17,7,prosa,0,2,10200,72240,120439,11600,108839
P1a,17,8,prosa,1,1,17286,75380,120219,11532,108687
P1a,17,9,prosa,0,1,11495,73220,122879,12606,110273
P1a,17,10,prosa,0,6,29260,70266,126247,13182,113065
P1a,17,11,prosa,2,5,37525,75970,131598,13055,118543
P1a,17,12,prosa,0,4,19314,67889,135226,13465,121761
P1a,17,13,prosa,1,2,29839,72725,137932,13197,124735
P1a,17,14,prosa,0,0,19118,69381,136044,13397,122647
P1a,17,15,prosa,0,0,19157,68668,138414,13450,124964
P1a,17,16,prosa,1,1,29473,72436,138133,13155,124978
P1a,17,17,prosa,1,3,29349,73042,138748,13550,125198
P1a,17,18,prosa,1,1,36788,76751,136719,13151,123568
P1a,17,19,prosa,1,1,29751,73543,138151,13360,124791
P1a,17,20,prosa,1,3,29292,73341,138766,13820,124946
P1a,17,21,prosa,0,1,19233,68757,137078,13053,124025
P1a,17,22,prosa,0,0,19540,68642,138817,13520,125297
P1a,17,23,prosa,2,6,37222,75828,139841,13727,126114
P1a,17,24,prosa,2,4,37151,76707,139026,13358,125668
P1a,17,25,prosa,1,1,30173,71894,137867,13640,124227
P1a,17,26,prosa,0,2,19040,69620,138029,13012,125017
P1a,17,27,prosa,1,1,29737,72410,138261,13200,125061
P1a,17,28,prosa,1,4,37217,75818,139928,13144,126784
P1a,17,29,prosa,3,2,52250,85222,139036,13578,125458
P1a,17,30,prosa,3,3,44933,79386,139247,14023,125224
P1a,17,31,prosa,0,0,19307,70076,136094,12994,123100
P1a,17,32,prosa,3,0,44440,79445,140240,13808,126432
P1a,17,33,prosa,1,0,178434,182950,137729,13023,124706
P1a,17,34,prosa,0,0,16376,70811,124193,12497,111696
P1a,17,35,prosa,1,2,29249,73113,132200,13360,118840
P1a,17,36,prosa,0,0,19546,68183,135730,13231,122499
P1a,17,37,prosa,0,1,19450,68876,137452,13682,123770
P1a,17,38,prosa,1,0,30269,72175,137688,13246,124442
P1a,17,39,prosa,0,0,19607,67610,137350,13472,123878
P1a,17,40,prosa,0,0,19383,69954,138709,12980,125729
P1a,17,41,prosa,0,0,29247,72488,137070,13340,123730
P1a,17,42,prosa,1,0,29847,73118,138552,13437,125115
P1a,17,43,prosa,0,1,19073,69235,138494,13618,124876
P1a,17,44,prosa,1,1,29283,73676,138533,13570,124963
P1a,17,45,prosa,0,0,28952,72315,135827,12940,122887
P1a,17,46,prosa,1,0,29649,72499,137574,13298,124276
P1a,17,47,prosa,0,2,19067,69410,139446,13144,126302
P1a,17,48,prosa,4,2,52610,85369,137946,13324,124622
P1a,17,49,prosa,0,0,19017,69824,138131,13434,124697
P1a,17,50,prosa,0,0,29077,72484,138387,13306,125081
P1a,17,51,prosa,0,0,18916,69642,137881,12991,124890
P1a,17,52,prosa,2,4,43782,80321,139122,13114,126008
P1a,17,53,prosa,1,1,30090,71987,138366,13282,125084
P1a,17,54,prosa,1,2,36769,77426,139416,13266,126150
P1a,17,55,prosa,1,1,30349,72208,139198,13801,125397
P1a,17,56,prosa,3,3,45689,80838,140367,13546,126821
P1a,17,57,prosa,1,2,29400,72817,139141,13562,125579
P1a,17,58,prosa,1,1,29070,72853,138174,13192,124982
P1a,17,59,prosa,0,0,19094,69366,138947,13596,125351
P1a,17,60,prosa,1,1,29429,71926,139431,14171,125260
P1a,17,61,prosa,1,1,29875,73549,138989,13530,125459
P1a,17,62,prosa,1,3,30801,71356,138692,13256,125436
P1a,17,63,prosa,4,0,51903,84112,137567,13379,124188
P1a,17,64,prosa,0,2,18907,68888,137481,13534,123947
P1a,17,65,prosa,1,1,29400,73110,138339,13175,125164
P1a,17,66,prosa,2,0,36849,76572,140034,13453,126581
P1a,17,67,prosa,1,1,29468,73321,139230,13393,125837
P1a,17,68,prosa,1,1,60341,102473,138198,13132,125066
P1a,17,69,prosa,1,5,29644,72676,139372,13442,125930
P1a,17,70,prosa,3,3,59014,93779,138447,12913,125534
P1a,17,71,prosa,1,1,36756,75800,139388,13430,125958
P1a,17,72,prosa,2,2,36621,76932,138923,13100,125823
P1a,17,73,prosa,1,0,29654,73321,137799,13691,124108
P1a,17,74,prosa,0,0,19049,70632,137250,13418,123832
P1a,17,75,prosa,1,1,29475,72731,139910,13709,126201
P1a,17,76,prosa,1,2,29604,72046,139394,13641,125753
P1a,17,77,prosa,1,1,29894,73342,139439,13563,125876
P1a,17,78,prosa,0,0,19085,68639,138786,13349,125437
P1a,17,79,prosa,0,0,19015,70239,138953,13328,125625
P1a,17,80,prosa,1,1,30024,72943,139545,13757,125788
P1a,17,81,prosa,3,1,44865,80930,140236,13656,126580
P1a,17,82,prosa,0,0,19102,69449,138696,13626,125070
P1a,17,83,prosa,1,2,29576,72667,139621,13435,126186
P1a,17,84,prosa,0,1,18951,68956,139079,14188,124891
P1a,17,85,prosa,1,0,36658,76414,138516,13466,125050
P1a,17,86,prosa,1,0,29399,72969,138394,13412,124982
P1a,17,87,prosa,2,1,37300,76769,139355,13846,125509
P1a,17,88,prosa,1,1,29367,72437,138499,13381,125118
P1a,17,89,prosa,0,1,19139,70385,139868,13783,126085
P1a,17,90,prosa,0,0,28900,72782,139011,13384,125627
P1a,17,91,prosa,0,0,28909,72636,138962,13366,125596
P1a,17,92,prosa,0,1,19679,69996,140401,13594,126807
P1a,17,93,prosa,0,0,18833,69161,139513,13629,125884
P1a,17,94,prosa,2,2,36735,76957,138809,13067,125742
P1a,17,95,prosa,2,3,44579,80749,139618,13378,126240
P1a,17,96,prosa,0,3,19030,71146,140151,13196,126955
P1a,17,97,prosa,0,0,18913,69054,138914,13026,125888
P1a,17,98,prosa,1,1,29704,73249,139623,13557,126066
P1a,17,99,prosa,0,0,19494,70710,139994,13406,126588
P1a,17,100,prosa,0,4,19071,70863,140576,13655,126921
P1a,17,101,prosa,1,4,29437,73701,141443,14136,127307
P1a,17,102,prosa,0,3,18673,69459,139851,14532,125319
P1a,17,103,prosa,0,2,19299,70537,139295,13397,125898
P1a,17,104,prosa,1,1,29432,72568,140660,13358,127302
P1a,17,105,prosa,0,0,18673,68892,138968,13530,125438
P1a,17,106,prosa,0,0,18991,69765,139166,13277,125889
P1a,17,107,prosa,3,3,44346,81674,139446,12970,126476
P1a,17,108,prosa,1,1,29694,72726,139279,13618,125661
P1a,17,109,prosa,0,0,18765,68729,138974,13294,125680
P1a,17,110,prosa,0,0,18921,68654,139516,13241,126275
P1a,17,111,prosa,1,1,29007,73926,139303,13278,126025
P1a,17,112,prosa,1,2,29315,72648,139558,13413,126145
P1a,17,113,prosa,3,2,44365,80829,138717,12950,125767
P1a,17,114,prosa,0,0,19097,69101,139127,13314,125813
P1a,17,115,prosa,2,0,37154,77089,139795,13741,126054
P1a,17,116,prosa,2,2,44583,80693,139081,13466,125615
P1a,17,117,prosa,0,4,19130,68386,141053,14106,126947
P1a,17,118,prosa,1,3,29716,72536,141943,13451,128492
P1a,17,119,prosa,0,1,18705,71043,137852,13410,124442
P1a,17,120,prosa,0,0,19284,70330,139083,13078,126005
P1a,17,121,prosa,2,5,37133,76046,141603,13693,127910
P1a,17,122,prosa,2,4,37212,76405,141388,13667,127721
P1a,17,123,prosa,0,1,18798,68893,139366,13294,126072
P1a,17,124,prosa,0,2,18857,69574,139685,13537,126148
P1a,17,125,prosa,0,1,18973,68562,138935,13103,125832
P1a,17,126,prosa,0,0,18863,69033,138249,13392,124857
P1a,17,127,prosa,0,0,18828,71254,138422,13443,124979
P1a,17,128,prosa,0,1,19318,69379,138871,13896,124975
P1a,17,129,prosa,0,0,18898,69295,138035,13216,124819
P1a,17,130,prosa,0,0,19034,70400,139771,13369,126402
P1a,17,131,prosa,1,0,26178,72985,139953,13911,126042
P1a,17,132,prosa,3,2,40241,80655,136867,12762,124105
P1a,17,133,prosa,0,1,19144,70020,138631,13678,124953
P1a,17,134,prosa,0,2,18611,68687,138676,13069,125607
P1a,17,135,prosa,1,1,29198,73071,139122,13193,125929
P1a,17,136,prosa,1,1,44415,81457,143200,13269,129931
P1a,17,137,prosa,1,1,29312,72373,139964,13491,126473
P1a,17,138,prosa,0,0,18868,71217,139682,13965,125717
P1a,17,139,prosa,2,0,36591,77505,139393,13633,125760
P1a,17,140,prosa,2,6,36558,76200,141226,13729,127497
P1a,17,141,prosa,1,3,29396,72538,140466,13217,127249
P1a,17,142,prosa,1,1,29325,72232,140465,13474,126991
P1a,17,143,prosa,2,7,37266,76035,142351,13181,129170
P1a,17,144,prosa,2,4,36740,76097,140745,13543,127202
P1a,17,145,prosa,1,2,29665,72053,139089,13409,125680
P1a,17,146,prosa,1,3,36322,76690,139871,13263,126608
P1a,17,147,prosa,1,1,29118,72466,140111,13051,127060
P1a,17,148,prosa,2,0,36696,76721,139084,13256,125828
P1a,17,149,prosa,1,1,29510,72846,140298,13684,126614
P1a,17,150,prosa,1,1,29212,72343,140052,13299,126753
P1a,17,151,prosa,0,0,18979,68795,139897,13144,126753
P1a,17,152,prosa,2,3,36956,76871,141079,13709,127370
P1a,17,153,prosa,2,2,36664,77213,139210,13049,126161
P1a,17,154,prosa,1,0,29400,73475,139834,13456,126378
P1a,17,155,prosa,0,2,18772,70433,140737,13773,126964
P1a,17,156,prosa,1,1,28694,73255,138496,13161,125335
P1a,17,157,prosa,0,0,18779,69987,138959,13889,125070
P1a,17,158,prosa,1,0,29073,73380,138583,13080,125503
P1a,17,159,prosa,0,0,19026,69102,138622,13300,125322
P1a,17,160,prosa,0,0,28361,73451,138753,13291,125462
P1a,17,161,prosa,1,1,29057,72641,140563,12899,127664
P1a,17,162,prosa,1,1,36229,76631,139831,13373,126458
P1a,17,163,prosa,0,1,18748,70029,138374,13041,125333
P1a,17,164,prosa,1,1,28290,73140,138890,13474,125416
P1a,17,165,prosa,0,0,18982,69385,140332,13579,126753
P1a,17,166,prosa,0,0,18983,69814,139822,13457,126365
P1a,17,167,prosa,0,0,19259,70101,138488,13064,125424
P1a,17,168,prosa,1,1,29373,72188,139845,13214,126631
P1a,17,169,prosa,1,1,29272,72116,139634,13324,126310
P1a,17,170,prosa,1,1,29948,72309,141137,14098,127039
P1a,17,171,prosa,3,1,44952,80104,140314,13807,126507
P1a,17,172,prosa,1,1,28955,72417,140531,13815,126716
P1a,17,173,prosa,2,3,36460,77521,139698,13127,126571
P1a,17,174,prosa,0,0,18858,70899,138976,13467,125509
P1a,17,175,prosa,0,0,28359,73205,139292,14249,125043
P1a,17,176,prosa,2,2,36697,76735,139362,13365,125997
P1a,17,177,prosa,0,0,50052,85441,138689,13500,125189
P1a,17,178,prosa,0,2,18404,69082,140437,13561,126876
P1a,17,179,prosa,0,0,18703,69561,138385,13569,124816
P1a,17,180,prosa,2,2,36372,77503,138474,13547,124927
P1a,17,181,prosa,1,1,50422,86228,139105,13787,125318
P1a,17,182,prosa,4,3,51528,85356,140147,13235,126912
P1a,17,183,prosa,0,2,19336,69894,138354,13467,124887
P1a,17,184,prosa,1,1,36184,78107,139512,13186,126326
P1a,17,185,prosa,1,1,29186,72800,139938,13617,126321
P1a,17,186,prosa,0,0,18763,69712,139407,13328,126079
P1a,17,187,prosa,1,1,29091,73331,138762,13176,125586
P1a,17,188,prosa,0,0,28730,72744,139612,13376,126236
P1a,17,189,prosa,1,3,29050,72237,141485,13644,127841
P1a,17,190,prosa,0,0,18694,69644,139805,13692,126113
P1a,17,191,prosa,0,1,19186,69186,140403,13352,127051
P1a,17,192,prosa,0,0,19234,70030,139791,13573,126218
P1a,17,193,prosa,2,0,36537,76690,139397,13653,125744
P1a,17,194,prosa,1,1,35912,76774,140812,13370,127442
P1a,17,195,prosa,0,0,18498,70469,139605,13670,125935
P1a,17,196,prosa,1,1,29697,72473,139010,13596,125414
P1a,17,197,prosa,0,0,19096,69682,139152,13558,125594
P1a,17,198,prosa,1,1,29755,71990,140921,13460,127461
P1a,17,199,prosa,1,1,28947,72710,139536,13218,126318
P1a,17,200,prosa,0,1,19366,69081,139719,13072,126647
P1a,17,201,prosa,0,0,36294,77176,139837,13591,126246
P1a,17,202,prosa,3,5,43783,80243,141490,13537,127953
P1b,223,2,prosa,2,2,59978,104233,138118,13582,124536
P1b,223,3,prosa,0,7,18715,68982,142549,13207,129342
P1b,223,4,prosa,6,7,61597,103231,142273,13451,128822
P1b,223,5,prosa,6,7,57241,104297,141511,13795,127716
P1b,223,6,prosa,0,3,18690,69529,139972,12817,127155
P1b,223,7,prosa,1,1,29251,72719,140418,13314,127104
P1b,223,8,prosa,4,4,51300,85825,140795,13595,127200
P1b,223,9,prosa,0,2,18959,69750,140991,13629,127362
P1b,223,10,prosa,1,1,29060,72555,139312,13041,126271
P1b,223,11,prosa,2,2,36526,77830,139589,13282,126307
P1b,223,12,prosa,0,2,19402,69435,140226,13454,126772
P1b,223,13,prosa,0,3,18699,69245,139806,13428,126378
P1b,223,14,prosa,0,2,18686,68961,140407,13533,126874
P1b,223,15,prosa,0,0,18620,70542,139079,13510,125569
P1b,223,16,prosa,0,1,18970,69462,138569,13057,125512
P1b,223,17,prosa,1,1,29020,72339,138637,13351,125286
P1b,223,18,prosa,1,2,29219,72470,139309,13299,126010
P1b,223,19,prosa,0,3,18826,69596,140821,13154,127667
P1b,223,20,prosa,1,4,28876,73682,140862,13133,127729
P1b,223,21,prosa,0,2,18533,68915,140358,13267,127091
P1b,223,22,prosa,1,1,28897,73164,139762,13326,126436
P1b,223,23,prosa,1,2,43838,80712,140870,13459,127411
P1b,223,24,prosa,3,0,44001,81433,140915,13600,127315
P1b,223,25,prosa,0,0,18627,68841,139572,13198,126374
P1b,223,26,prosa,1,1,28701,72209,139725,13426,126299
P1b,223,27,prosa,1,2,28798,72957,140917,13781,127136
P1b,223,28,prosa,0,0,18626,68792,138337,13297,125040
P1b,223,29,prosa,1,2,28833,72477,140278,13553,126725
P1b,223,30,prosa,0,0,18840,70490,138876,14065,124811
P1b,223,31,prosa,1,1,29147,73189,141018,13167,127851
P1b,223,32,prosa,0,3,18606,69326,141423,13788,127635
P1b,223,33,prosa,0,2,18613,70308,139569,13442,126127
P1b,223,34,prosa,1,1,28842,73394,139466,13424,126042
P1b,223,35,prosa,1,3,29139,73504,140546,13276,127270
P1b,223,36,prosa,0,1,18582,69479,139611,13214,126397
P1b,223,37,prosa,0,0,35444,76647,140041,13579,126462
P1b,223,38,prosa,1,3,29002,72534,139520,13220,126300
P1b,223,39,prosa,1,2,29435,73011,139285,13561,125724
P1b,223,40,prosa,0,0,35725,77180,139252,13499,125753
P1b,223,41,prosa,1,1,28649,72630,140285,13507,126778
P1b,223,42,prosa,0,0,28570,73462,140288,13571,126717
P1b,223,43,prosa,0,1,18509,69609,139183,13681,125502
P1b,223,44,prosa,0,1,18736,70007,141087,13225,127862
P1b,223,45,prosa,0,3,18740,69343,139642,13287,126355
P1b,223,46,prosa,0,0,18767,68696,139023,13595,125428
P1b,223,47,prosa,1,1,28817,73271,138577,13312,125265
P1b,223,48,prosa,1,7,29251,73469,143034,13739,129295
P1b,223,49,prosa,2,7,36448,77335,142978,13686,129292
P1b,223,50,prosa,0,0,57280,94990,140285,13494,126791
P1b,223,51,prosa,6,7,61091,103963,142552,13340,129212
P1b,223,52,prosa,1,1,29049,72313,140848,13584,127264
P1b,223,53,prosa,1,1,28806,72320,140855,13483,127372
P1b,223,54,prosa,3,3,44499,80695,142804,13811,128993
P1b,223,55,prosa,4,2,51748,85552,140692,13360,127332
P1b,223,56,prosa,0,2,18669,70757,141386,15382,126004
P1b,223,57,prosa,1,1,28701,73020,141100,13603,127497
P1b,223,58,prosa,1,0,29401,72750,140140,13477,126663
P1b,223,59,prosa,0,0,18866,69830,139123,13645,125478
P1b,223,60,prosa,1,2,29026,73088,139064,13007,126057
P1b,223,61,prosa,2,2,36518,77396,141748,13795,127953
P1b,223,62,prosa,2,2,36373,76964,140399,13614,126785
P1b,223,63,prosa,1,1,29075,72960,139850,13492,126358
P1b,223,64,prosa,1,1,42969,80915,140017,13343,126674
P1b,223,65,prosa,1,2,28871,72767,141205,14093,127112
P1b,223,66,prosa,1,1,28626,73334,140945,13550,127395
P1b,223,67,prosa,6,6,61802,103630,142357,13825,128532
P1b,223,68,prosa,0,0,18792,69864,139345,14313,125032
P1b,223,69,prosa,2,2,43503,81561,141559,13106,128453
P1b,223,70,prosa,0,0,18996,71037,140304,13177,127127
P1b,223,71,prosa,0,0,18627,68983,140736,13918,126818
P1b,223,72,prosa,2,2,36608,77807,141378,13750,127628
P1b,223,73,prosa,1,1,29120,72565,140699,13672,127027
P1b,223,74,prosa,1,1,28892,73637,141207,13736,127471
P1b,223,75,prosa,0,0,18428,69532,140365,13442,126923
P1b,223,76,prosa,0,0,18572,69949,139083,13510,125573
P1b,223,77,prosa,2,4,36238,76578,140272,13596,126676
P1b,223,78,prosa,1,1,43274,81687,140032,13492,126540
P1b,223,79,prosa,0,0,35570,77913,140648,13565,127083
P1b,223,80,prosa,1,2,28913,73720,139626,13653,125973
P1b,223,81,prosa,0,0,18781,70570,139659,13592,126067
P1b,223,82,prosa,0,3,18452,68773,141136,13204,127932
P1b,223,83,prosa,0,2,18821,70058,140489,13311,127178
P1b,223,84,prosa,1,2,28856,73097,140987,13833,127154
P1b,223,85,prosa,1,0,28902,73524,139056,13355,125701
P1b,223,86,prosa,0,1,18746,70388,141477,13448,128029
P1b,223,87,prosa,0,1,18609,69227,140268,12959,127309
P1b,223,88,prosa,2,2,43332,81085,140180,13254,126926
P1b,223,89,prosa,1,2,29199,73981,140512,13490,127022
P1b,223,90,prosa,1,2,29026,73315,140639,13371,127268
P1b,223,91,prosa,2,2,36347,78463,139939,13598,126341
P1b,223,92,prosa,0,3,18943,69883,140831,13606,127225
P1b,223,93,prosa,0,0,28508,72413,140939,13717,127222
P1b,223,94,prosa,1,1,28562,73510,141150,13296,127854
P1b,223,95,prosa,1,4,28969,73289,141797,13512,128285
P1b,223,96,prosa,2,3,35990,77860,141962,13608,128354
P1b,223,97,prosa,1,1,29141,73554,140949,13775,127174
P1b,223,98,prosa,1,1,28648,72828,141127,13832,127295
P1b,223,99,prosa,1,1,28851,73347,140329,13434,126895
P1b,223,100,prosa,1,1,28940,73431,141178,13592,127586
P1b,223,101,prosa,1,1,28900,73180,140514,13552,126962
P1b,223,102,prosa,2,2,35906,76341,141932,13575,128357
P1b,223,103,prosa,0,0,18635,70299,141280,13569,127711
P1b,223,104,prosa,0,0,18857,69777,140731,13364,127367
P1b,223,105,prosa,0,1,18940,69286,140056,14097,125959
P1b,223,106,prosa,0,0,28424,72209,139568,13464,126104
P1b,223,107,prosa,0,0,18482,70675,139841,13183,126658
P1b,223,108,prosa,0,1,18612,69413,140234,13131,127103
P1b,223,109,prosa,2,2,57565,94972,140524,13302,127222
P1b,223,110,prosa,2,2,36073,77380,140152,13295,126857
P1b,223,111,prosa,0,0,28777,73191,141568,14113,127455
P1b,223,112,prosa,0,0,18652,70717,141945,13987,127958
P1b,223,113,prosa,0,0,18612,68980,141527,13808,127719
P1b,223,114,prosa,1,1,36134,77283,140717,13406,127311
P1b,223,115,prosa,1,1,36230,76944,140583,13881,126702
P1b,223,116,prosa,3,3,43264,81868,142496,13416,129080
P1b,223,117,prosa,0,0,18793,69932,140724,13395,127329
P1b,223,118,prosa,0,4,18900,70390,141898,13580,128318
P1b,223,119,prosa,1,3,28615,73211,142554,13612,128942
P1b,223,120,prosa,1,1,28827,73152,140710,13348,127362
P1b,223,121,prosa,1,1,35673,77094,139829,13403,126426
P1b,223,122,prosa,0,0,18562,70644,140192,13179,127013
P1b,223,123,prosa,1,1,28653,73284,139505,13241,126264
P1b,223,124,prosa,2,4,36567,76193,141075,13432,127643
P1b,223,125,prosa,1,1,36304,76866,141579,13592,127987
P1b,223,126,prosa,0,0,18514,72003,140210,13220,126990
P1b,223,127,prosa,2,0,35986,77554,141614,14021,127593
P1b,223,128,prosa,2,3,36213,76873,140651,13191,127460
P1b,223,129,prosa,2,7,36195,76610,142910,13626,129284
P1b,223,130,prosa,2,5,36629,77652,141850,13231,128619
P1b,223,131,prosa,2,2,49970,87003,141739,13180,128559
P1b,223,132,prosa,0,0,18777,70336,140647,13641,127006
P1b,223,133,prosa,0,2,18401,69277,141515,13561,127954
P1b,223,134,prosa,1,1,29211,73645,141332,13418,127914
P1b,223,135,prosa,2,0,36001,77068,140359,13514,126845
P1b,223,136,prosa,0,0,18658,69783,140764,13965,126799
P1b,223,137,prosa,0,1,18795,68751,138904,13268,125636
P1b,223,138,prosa,0,0,18649,70116,139682,13532,126150
P1b,223,139,prosa,0,0,18480,69196,141066,13806,127260
P1b,223,140,prosa,1,2,28805,72637,141979,13651,128328
P1b,223,141,prosa,0,0,18788,70392,141001,13620,127381
P1b,223,142,prosa,0,1,18867,70450,140677,13579,127098
P1b,223,143,prosa,0,0,35618,77580,140879,13120,127759
P1b,223,144,prosa,1,2,29222,73352,141642,13636,128006
P1b,223,145,prosa,2,2,36198,77574,140342,13339,127003
P1b,223,146,prosa,0,0,18329,70627,139648,13266,126382
P1b,223,147,prosa,2,4,36260,77910,141602,13266,128336
P1b,223,148,prosa,1,1,28422,72800,140639,13716,126923
P1b,223,149,prosa,1,3,29095,72287,139882,13531,126351
P1b,223,150,prosa,0,1,18567,67998,140646,13024,127622
P1b,223,151,prosa,0,2,18642,70421,141221,13338,127883
P1b,223,152,prosa,0,1,19654,69072,140804,13245,127559
P1b,223,153,prosa,1,2,28975,73564,139780,13518,126262
P1b,223,154,prosa,0,0,28607,72608,141209,13969,127240
P1b,223,155,prosa,0,0,18573,70403,140071,13427,126644
P1b,223,156,prosa,1,1,28917,72821,140896,13508,127388
P1b,223,157,prosa,1,0,35996,77392,140629,13974,126655
P1b,223,158,prosa,2,1,57405,95162,140530,13458,127072
P1b,223,159,prosa,2,4,36544,76721,142042,13842,128200
P1b,223,160,prosa,2,1,36402,77189,140969,13202,127767
P1b,223,161,prosa,4,4,51501,87167,142581,13883,128698
P1b,223,162,prosa,1,2,28746,72783,141736,13879,127857
P1b,223,163,prosa,0,0,18707,69322,139891,13410,126481
P1b,223,164,prosa,0,0,19054,70049,140655,13568,127087
P1b,223,165,prosa,2,4,35999,76859,142601,13503,129098
P1b,223,166,prosa,0,1,18549,71976,140093,13168,126925
P1b,223,167,prosa,0,0,18180,70923,139578,13954,125624
P1b,223,168,prosa,1,1,28509,73590,140342,13244,127098
P1b,223,169,prosa,1,1,28238,73689,140298,13173,127125
P1b,223,170,prosa,6,4,60723,104708,142131,13897,128234
P1b,223,171,prosa,0,0,28877,73807,141640,14258,127382
P1b,223,172,prosa,0,0,19045,70398,139916,13216,126700
P1b,223,173,prosa,0,0,58501,105155,141139,13399,127740
P1b,223,174,prosa,0,0,28289,73067,140957,14072,126885
P1b,223,175,prosa,0,1,17797,71062,141507,13608,127899
P1b,223,176,prosa,2,3,35398,77848,141942,13374,128568
P1b,223,177,prosa,2,4,35290,77674,142295,13438,128857
P1b,223,178,prosa,0,1,17958,70791,142138,14190,127948
P1b,223,179,prosa,0,1,18578,69983,140823,13676,127147
P1b,223,180,prosa,0,0,28365,74115,141499,13443,128056
P1b,223,181,prosa,1,1,28478,73682,141985,13966,128019
P1b,223,182,prosa,0,0,18995,70780,142384,13685,128699
P1b,223,183,prosa,0,0,18413,70757,140925,13201,127724
P1b,223,184,prosa,0,0,18234,70403,140308,13292,127016
P1b,223,185,prosa,2,2,35181,77575,140349,13157,127192
P1b,223,186,prosa,1,1,27747,74165,140632,13200,127432
P1b,223,187,prosa,3,3,42216,81685,141337,13534,127803
P1b,223,188,prosa,0,0,17775,69876,140242,13855,126387
P1b,223,189,prosa,0,1,17269,69777,140193,13189,127004
P1b,223,190,prosa,0,0,18072,70223,139754,13099,126655
P1b,223,191,prosa,0,0,17492,71106,139387,13317,126070
P1b,223,192,prosa,1,1,28438,72802,140353,13196,127157
P1b,223,193,prosa,2,0,35171,78289,141326,13956,127370
P1b,223,194,prosa,0,0,17388,70552,139994,13685,126309
P1b,223,195,prosa,0,1,17338,72055,140553,13310,127243
P1b,223,196,prosa,0,0,16961,69925,140154,13057,127097
P1b,223,197,prosa,1,1,26053,73445,139052,13274,125778
P1b,223,198,prosa,0,0,33411,78369,139094,13840,125254
P1b,223,199,prosa,1,1,26276,74274,139729,13277,126452
P1b,223,200,prosa,0,0,17080,70067,139429,13430,125999
P1b,223,201,prosa,0,1,16424,70918,140015,13396,126619
P1b,223,202,prosa,0,1,17383,71779,138703,13077,125626
P1b,223,203,prosa,0,0,25954,73486,140457,13880,126577
P1b,223,204,prosa,1,2,26834,73800,140664,13532,127132
P1b,223,205,prosa,0,0,25386,74262,140982,14171,126811
P1b,223,206,prosa,2,0,33420,78332,140135,13133,127002
P1b,223,207,prosa,0,1,16759,69836,141246,13577,127669
P1b,223,208,prosa,0,0,16864,69938,139633,13237,126396
P1b,223,209,prosa,0,0,17263,70664,139108,13414,125694
P1b,223,210,prosa,2,2,32857,77910,140046,13236,126810
P1b,223,211,prosa,1,1,26075,73588,139053,13408,125645
P1b,223,212,prosa,2,2,33415,78053,138838,13157,125681
P1b,223,213,prosa,1,2,25587,73158,140234,13508,126726
P1b,223,214,prosa,0,0,16574,70935,139128,13025,126103
P1b,223,215,prosa,1,2,25905,73600,139983,13199,126784
P1b,223,216,prosa,1,1,32450,77551,139980,12949,127031
P1b,223,217,prosa,4,5,46741,86661,139910,13262,126648
P1b,223,218,prosa,0,0,16283,71334,139060,13071,125989
P1b,223,219,prosa,0,1,16636,71129,140097,13230,126867
P1b,223,220,prosa,0,0,16240,71034,139382,13069,126313
P1b,223,221,prosa,1,5,25650,73799,139669,12683,126986
P1b,223,222,prosa,1,3,25778,75408,138947,13177,125770
P1b,223,223,prosa,1,1,25822,73652,139535,13233,126302
P1b,223,224,prosa,1,1,53175,95184,139531,13117,126414
P1b,223,225,prosa,0,1,16556,71689,139766,13258,126508
P1b,223,226,prosa,1,1,38813,82275,141007,14146,126861
P1b,223,227,prosa,0,0,16628,71902,140891,14053,126838
P1b,223,228,prosa,0,0,31665,77791,140065,13330,126735
P1b,223,229,prosa,0,1,25306,74593,139393,13378,126015
P1b,223,230,prosa,0,1,16606,71727,138436,13198,125238
P1b,223,231,prosa,1,1,25298,74061,140246,13383,126863
P1b,223,232,prosa,0,0,16536,72042,139001,13554,125447
P1b,223,233,prosa,3,1,39387,81610,139125,13222,125903
P1b,223,234,prosa,3,0,56021,106845,139045,13332,125713
P1b,223,235,prosa,6,1,55487,107278,139185,13187,125998
P1b,223,236,prosa,1,1,25668,74901,139794,12899,126895
P1b,223,237,prosa,0,0,16684,71840,140258,13373,126885
P1b,223,238,prosa,2,1,33191,78087,140479,13463,127016
P1b,223,239,prosa,2,2,32504,78934,141113,13437,127676
P1b,223,240,prosa,1,1,25739,74024,138933,13431,125502
P1b,223,241,prosa,1,0,25643,73934,139532,12947,126585
P1b,223,242,prosa,0,0,16197,71562,140860,13171,127689
P1b,223,243,prosa,1,1,25691,73754,140318,13110,127208
P1b,223,244,prosa,1,1,25506,74732,139720,14191,125529
P1b,223,245,prosa,1,1,25836,73991,138739,13059,125680
P1b,223,246,prosa,0,0,16291,73058,141021,14049,126972
P1b,223,247,prosa,0,0,16561,71388,140228,13266,126962
P1b,223,248,prosa,0,0,25315,74369,138604,13309,125295
P1b,223,249,prosa,1,0,25500,73915,140181,13993,126188
P1b,223,250,prosa,0,0,16324,70436,140304,13326,126978
P1b,223,251,prosa,0,2,16287,70220,139092,13206,125886
P1b,223,252,prosa,1,1,25247,73803,140564,13254,127310
P1b,223,253,prosa,4,0,46213,87077,140021,13613,126408
P1b,223,254,prosa,0,0,16254,71101,138592,13737,124855
P1b,223,255,prosa,1,3,25402,74005,140802,13159,127643
P1b,223,256,prosa,1,1,25717,74287,140681,13388,127293
P1b,223,257,prosa,2,2,32609,77789,139759,13671,126088
P1b,223,258,prosa,0,0,16222,71280,139717,13217,126500
P1b,223,259,prosa,1,1,25561,74058,138819,13200,125619
P1b,223,260,prosa,0,4,16642,71657,142201,13823,128378
P1b,223,261,prosa,3,3,39286,82439,141042,13150,127892
P1b,223,262,prosa,0,0,16208,70745,141184,13715,127469
P1b,223,263,prosa,1,1,25809,74395,140135,13324,126811
P1b,223,264,prosa,2,0,33073,78623,138864,13037,125827
P1b,223,265,prosa,0,3,16854,70912,141950,13697,128253
P1b,223,266,prosa,2,5,53783,105457,141767,13217,128550
P1b,223,267,prosa,2,5,32723,77557,141663,13188,128475
P1b,223,268,prosa,2,4,32492,78318,140325,13267,127058
P1b,223,269,prosa,1,1,25429,73663,141285,13660,127625
P1b,223,270,prosa,1,1,25473,73609,139674,13443,126231
P1b,223,271,prosa,1,4,25770,74079,140991,13725,127266
P1b,223,272,prosa,0,0,16226,71328,139866,13492,126374
P1b,223,273,prosa,0,0,16288,72025,138837,13286,125551
P1b,223,274,prosa,0,1,16584,70475,139274,13086,126188
P1b,223,275,prosa,0,0,16619,69401,138382,12810,125572
P1b,223,276,prosa,2,3,38887,82966,139580,12618,126962
P1b,223,277,prosa,0,0,16255,70758,140670,13463,127207
P1b,223,278,prosa,1,2,25383,74621,140432,13130,127302
P1b,223,279,prosa,0,0,16596,71395,140316,13710,126606
P1b,223,280,prosa,0,0,16267,71328,140518,13328,127190
P1b,223,281,prosa,0,0,16293,70398,140458,13294,127164
P1b,223,282,prosa,0,1,16507,71485,138380,12541,125839
P1b,223,283,prosa,0,0,16306,70672,140122,13213,126909
P1b,223,284,prosa,1,1,25576,73769,139971,13215,126756
P1b,223,285,prosa,2,2,32631,77493,140587,13528,127059
P1b,223,286,prosa,0,0,25149,75023,140819,13392,127427
P1b,223,287,prosa,1,0,25729,73813,138994,13728,125266
P1b,223,288,prosa,0,2,16147,72289,139566,13118,126448
P1b,223,289,prosa,0,3,16363,70414,141569,13288,128281
P1b,223,290,prosa,1,2,25440,73490,140524,13412,127112
P1b,223,291,prosa,0,0,25119,74565,139535,13652,125883
P1b,223,292,prosa,0,0,16287,70964,140197,13460,126737
P1b,223,293,prosa,0,1,16053,70750,140648,13304,127344
P1b,223,294,prosa,0,3,16834,70831,141740,13341,128399
P1b,223,295,prosa,1,2,25564,74534,141432,13154,128278
P1b,223,296,prosa,0,0,16319,70000,140947,13230,127717
P1b,223,297,prosa,0,0,16923,71065,140563,13334,127229
P1b,223,298,prosa,0,0,23826,73873,139550,13272,126278
P1b,223,299,prosa,0,0,16731,71158,140872,13948,126924
P1b,223,300,prosa,1,0,25274,74534,140987,13188,127799
P1b,223,301,prosa,1,0,26233,74895,140933,13869,127064
P1b,223,302,prosa,1,0,25836,75172,140967,13503,127464
P1b,223,303,prosa,2,2,32781,77315,141370,13088,128282
P1b,223,304,prosa,0,0,17097,71003,140734,13140,127594
P1b,223,305,prosa,1,1,25884,74564,139976,12473,127503
P1b,223,306,prosa,0,2,16552,70695,140688,13878,126810
P1b,223,307,prosa,0,1,16494,71994,140700,13095,127605
P1b,223,308,prosa,0,0,16703,72376,140823,13376,127447
P1b,223,309,prosa,1,1,25862,74991,141041,13334,127707
P1b,223,310,prosa,1,2,25370,73657,140354,13690,126664
P1b,223,311,prosa,0,1,16308,71585,140999,13190,127809
P1b,223,312,prosa,0,3,16203,71308,140092,13338,126754
P1b,223,313,prosa,2,2,32344,79728,140902,13316,127586
P1b,223,314,prosa,0,0,16513,71255,141085,13438,127647
P1b,223,315,prosa,1,1,25436,74331,140486,13104,127382
P1b,223,316,prosa,1,1,25335,73411,141585,13793,127792
P1b,223,317,prosa,0,1,16488,72371,140063,13117,126946
P1b,223,318,prosa,0,0,16133,70408,139031,13120,125911
P1b,223,319,prosa,1,3,25430,74213,140217,13146,127071
P1b,223,320,prosa,1,1,25442,74033,140998,13468,127530
P1b,223,321,prosa,1,0,38806,83078,140037,13224,126813
P1b,223,322,prosa,0,0,16160,71778,139568,13824,125744
P1b,223,323,prosa,0,1,16464,71106,140396,13327,127069
P2a,550,2,det,1,7,25447,74250,134273,12945,121328
P2a,550,3,det,6,7,55586,106743,140931,12926,128005
P2a,550,4,det,6,6,55015,106128,140694,13224,127470
P2a,550,5,det,1,0,53814,105895,140667,13896,126771
P2a,550,6,det,3,3,54363,106018,139292,13143,126149
P2a,550,7,det,0,0,38559,82056,140369,13229,127140
P2a,550,8,det,2,4,32279,78107,141478,13456,128022
P2a,550,9,det,0,7,16523,70775,139995,13107,126888
P2a,550,10,det,0,7,17060,70261,141567,13100,128467
P2a,550,11,det,6,7,55332,106075,140807,12354,128453
P2a,550,12,det,6,7,55241,106961,141411,13102,128309
P2a,550,13,det,5,5,53474,94681,140814,13229,127585
P2a,550,14,det,2,2,55781,105123,140262,13461,126801
P2a,550,15,det,3,3,39100,82839,140773,13360,127413
P2a,550,16,det,2,7,32323,78466,142218,13441,128777
P2a,550,17,det,3,3,39264,82312,140793,13531,127262
P2a,550,18,det,5,5,55360,105578,140865,13270,127595
P2a,550,19,det,6,6,55786,105679,141062,13360,127702
P2a,550,20,det,6,7,55326,105482,141026,13084,127942
P2a,550,21,det,6,7,55175,106845,141854,13494,128360
P2a,550,22,det,6,7,55069,106374,141626,13710,127916
P2a,550,23,det,6,7,54815,106841,142140,13226,128914
P2a,550,24,det,6,7,55158,107326,142842,13526,129316
P2a,550,25,det,6,7,54798,105452,142193,13117,129076
P2a,550,26,det,6,7,55369,107369,143319,13718,129601
P2a,550,27,det,6,7,55354,107133,141786,13591,128195
P2a,550,28,det,6,7,55778,106892,141902,13156,128746
P2a,550,29,det,6,7,55246,105474,142102,13561,128541
P2a,550,30,det,6,7,54781,105614,142447,13607,128840
P2a,550,31,det,6,7,54579,105565,141181,13041,128140
P2a,550,32,det,6,7,55124,105678,143114,13393,129721
P2a,550,33,det,6,7,54583,106504,142268,13393,128875
P2a,550,34,det,6,7,54624,106383,140800,13332,127468
P2a,550,35,det,6,7,55305,107419,142147,12757,129390
P2a,550,36,det,6,7,56424,107141,141887,13525,128362
P2a,550,37,det,6,7,54950,108024,141640,12957,128683
P2a,550,38,det,1,7,53277,107356,143567,13946,129621
P2a,550,39,det,6,7,54762,106309,140855,13473,127382
P2a,550,40,det,6,7,54988,107248,142007,13038,128969
P2a,550,41,det,6,7,55216,106205,142793,12880,129913
P2a,550,42,det,6,7,54954,107311,141939,12976,128963
P2a,550,43,det,6,7,55058,106335,141371,13178,128193
P2a,550,44,det,6,7,54779,106725,141160,13350,127810
P2a,550,45,det,6,7,55432,106834,142091,13185,128906
P2a,550,46,det,6,7,54879,107248,143588,13266,130322
P2a,550,47,det,6,7,55259,106715,142511,13776,128735
P2a,550,48,det,6,7,55109,106242,142094,13201,128893
P2a,550,49,det,6,7,54952,107105,143434,13507,129927
P2a,550,50,det,6,7,55044,107329,142807,13306,129501
P2a,550,51,det,5,7,54784,107269,141485,13370,128115
P2a,550,52,det,6,7,55123,107991,142240,13179,129061
P2a,550,53,det,6,7,55611,107100,142417,13637,128780
P2a,550,54,det,6,7,55493,106217,142927,13307,129620
P2a,550,55,det,6,7,55192,107120,142004,13277,128727
P2a,550,56,det,6,7,54831,107413,141620,13276,128344
P2a,550,57,det,6,7,55001,105885,141615,13212,128403
P2a,550,58,det,6,7,54723,105410,141491,13137,128354
P2a,550,59,det,6,7,54967,105953,142127,13267,128860
P2a,550,60,det,6,7,55162,106592,141131,13607,127524
P2a,550,61,det,6,7,54976,106636,149666,13654,136012
P2a,550,62,det,6,7,54757,105927,140822,12824,127998
P2a,550,63,det,6,7,55100,106132,141626,12978,128648
P2a,550,64,det,6,7,55038,107234,142577,13361,129216
P2a,550,65,det,6,7,54991,106724,141016,12981,128035
P2a,550,66,det,6,7,54881,106950,141904,12848,129056
P2a,550,67,det,6,7,54769,106626,142996,13273,129723
P2a,550,68,det,6,7,55674,106014,142357,13322,129035
P2a,550,69,det,6,7,54865,105815,140927,13562,127365
P2a,550,70,det,6,7,54695,106453,141686,13277,128409
P2a,550,71,det,6,7,55154,106693,142796,13388,129408
P2a,550,72,det,6,7,55737,106436,140647,13300,127347
P2a,550,73,det,6,7,55140,106127,142468,13291,129177
P2a,550,74,det,6,7,54878,106107,141783,13419,128364
P2a,550,75,det,6,7,54879,107206,141089,12965,128124
P2a,550,76,det,6,7,54816,106572,143070,13389,129681
P2a,550,77,det,6,7,55024,107836,141640,13410,128230
P2a,550,78,det,6,7,55486,106416,142510,13158,129352
P2a,550,79,det,6,7,55330,107729,142797,13660,129137
P2a,550,80,det,6,7,55520,107050,143252,14308,128944
P2a,550,81,det,6,7,54895,106675,143382,13342,130040
P2a,550,82,det,6,7,55305,106214,143399,13489,129910
P2a,550,83,det,6,7,55360,107965,144256,13551,130705
P2a,550,84,det,6,7,55391,106907,142611,13267,129344
P2a,550,85,det,6,7,54970,106866,143262,13639,129623
P2a,550,86,det,6,7,54861,106528,143087,13593,129494
P2a,550,87,det,6,7,55169,106302,143201,13446,129755
P2a,550,88,det,6,7,54811,107635,141686,12982,128704
P2a,550,89,det,5,7,52640,98089,143579,13533,130046
P2a,550,90,det,6,7,55165,107641,142943,13269,129674
P2a,550,91,det,6,7,54856,105959,142711,13348,129363
P2a,550,92,det,6,7,55192,106992,143280,13643,129637
P2a,550,93,det,6,7,55262,108230,143872,13622,130250
P2a,550,94,det,6,7,55081,108531,143602,13313,130289
P2b,648,2,det,0,2,16477,71462,137983,13089,124894
P2b,648,3,det,1,1,38953,82383,140424,13268,127156
P2b,648,4,det,6,7,55644,105906,141958,13179,128779
P2b,648,5,det,6,7,54891,105081,142242,13042,129200
P2b,648,6,det,6,7,54809,105495,140775,12728,128047
P2b,648,7,det,0,1,16115,71148,139599,12689,126910
P2b,648,8,det,2,3,33122,77388,140773,12901,127872
P2b,648,9,det,6,7,55057,106316,142187,13599,128588
P2b,648,10,det,0,3,16628,72267,140449,13679,126770
P2b,648,11,det,2,2,32391,78250,140715,12932,127783
P2b,648,12,det,0,1,16082,69651,141045,13408,127637
P2b,648,13,det,0,1,16457,72255,140583,12437,128146
P2b,648,14,det,0,4,16377,71552,141243,12756,128487
P2b,648,15,det,1,3,25614,73867,141439,12927,128512
P2b,648,16,det,0,6,16608,71440,142238,13168,129070
P2b,648,17,det,0,5,16227,71713,141108,13109,127999
P2b,648,18,det,3,4,39300,81709,141711,13303,128408
P2b,648,19,det,0,0,17847,71186,139499,13404,126095
P2b,648,20,det,1,1,25236,74067,140370,12850,127520
P2b,648,21,det,2,2,32269,78855,140193,12999,127194
P2b,648,22,det,0,2,16589,70560,140870,13183,127687
P2b,648,23,det,0,0,16253,71855,140023,13041,126982
P2b,648,24,det,0,1,16278,70484,140118,13195,126923
P2b,648,25,det,0,0,16274,70919,138505,12543,125962
P2b,648,26,det,1,1,32456,78692,139639,12936,126703
P2b,648,27,det,1,4,25788,73631,140570,12926,127644
P2b,648,28,det,2,6,32594,78963,142012,12980,129032
P2b,648,29,det,2,5,32273,77142,141485,13158,128327
P2b,648,30,det,0,0,25063,73873,139972,13088,126884
P2b,648,31,det,1,1,25538,74645,140665,13411,127254
P2b,648,32,det,0,0,44906,87235,140561,12814,127747
P2b,648,33,det,1,0,25768,73684,139063,13083,125980
P2b,648,34,det,0,0,16545,70243,140558,13363,127195
P2b,648,35,det,0,1,16151,71086,139532,13086,126446
P2b,648,36,det,0,0,16149,72802,137716,12254,125462
P2b,648,37,det,0,0,16463,71511,138521,12973,125548
P2b,648,38,det,0,1,16039,71346,138314,12932,125382
P2b,648,39,det,0,0,16237,69910,139849,13304,126545
P2b,648,40,det,0,0,16165,72336,140116,13150,126966
P2b,648,41,det,0,2,16172,72599,139889,13076,126813
P2b,648,42,det,0,1,16189,69720,139649,13197,126452
P2b,648,43,det,0,0,16232,69996,139422,13119,126303
P2b,648,44,det,0,2,16338,70604,141313,13159,128154
P2b,648,45,det,0,1,16028,71762,139924,13215,126709
P2b,648,46,det,0,3,24930,74475,140081,12996,127085
P2b,648,47,det,1,1,32075,77485,140081,13118,126963
P2b,648,48,det,0,0,16615,71213,140312,13251,127061
P2b,648,49,det,5,5,55120,107050,141992,13338,128654
P2b,648,50,det,0,5,16334,71487,142247,13455,128792
P2b,648,51,det,1,4,25502,74908,140865,13072,127793
P2b,648,52,det,1,2,25698,73522,141307,13152,128155
P2b,648,53,det,0,1,16506,71615,138790,12807,125983
P2b,648,54,det,0,1,16403,71455,139977,12863,127114
P2b,648,55,det,0,0,16102,70528,138929,13006,125923
P2b,648,56,det,0,1,16505,71409,139573,13011,126562
P2b,648,57,det,0,2,16632,71146,140445,13041,127404
P2b,648,58,det,6,7,55185,107753,144029,13011,131018
P2b,648,59,det,6,7,55443,107107,141584,13231,128353
P2b,648,60,det,6,7,55388,107259,142713,12909,129804
P2b,648,61,det,6,7,55023,106244,142705,13003,129702
P2b,648,62,det,5,7,53700,95657,142619,13370,129249
P2b,648,63,det,6,7,55409,106475,143940,13954,129986
P2b,648,64,det,6,7,54695,107263,141780,12777,129003
P2b,648,65,det,6,7,54750,106819,141117,13074,128043
P2b,648,66,det,2,4,53648,106837,141542,13146,128396
P2b,648,67,det,3,3,52259,95366,140737,12776,127961
P2b,648,68,det,3,3,39073,82651,140733,13355,127378
P2b,648,69,det,3,7,53069,95185,142290,13181,129109
P2b,648,70,det,3,3,52271,95019,141698,13336,128362
P2b,648,71,det,3,7,38891,82392,142249,12947,129302
P2b,648,72,det,3,5,39365,81843,142058,13336,128722
P2b,648,73,det,3,3,39162,82485,141315,13303,128012
P2b,648,74,det,5,3,52806,96487,141864,13531,128333
P2b,648,75,det,3,5,52402,95825,141955,14057,127898
P2b,648,76,det,5,3,54891,106537,140041,12970,127071
AG1,728,2,agentic,1,3,25338,75255,139599,12817,126782
AG1,728,3,agentic,1,3,25548,73919,143307,13648,129659
AG1,728,4,agentic,0,1,16272,71085,142396,13788,128608
AG1,728,5,agentic,0,0,25037,73798,139991,12444,127547
AG1,728,6,agentic,0,2,16385,70555,141228,13592,127636
AG1,728,7,agentic,1,7,25223,74159,144118,13313,130805
AG1,728,8,agentic,1,2,25227,74448,141941,13096,128845
AG1,728,9,agentic,4,4,45885,87190,142484,12989,129495
AG1,728,10,agentic,0,7,16152,71361,142747,13114,129633
AG1,728,11,agentic,1,1,53611,106955,141170,13459,127711
AG1,728,12,agentic,1,7,53467,107335,140970,12820,128150
AG1,728,13,agentic,5,7,52615,96000,141206,12933,128273
AG1,728,14,agentic,1,3,25425,73859,142467,13485,128982
AG1,728,15,agentic,3,7,39338,83052,142667,13467,129200
AG1,728,16,agentic,4,6,47244,86542,143350,13359,129991
AG1,728,17,agentic,1,1,25327,74656,141410,13709,127701
AG1,728,18,agentic,6,7,55158,106971,142935,13244,129691
AG1,728,19,agentic,1,1,25765,73356,140763,13378,127385
AG1,728,20,agentic,0,3,16186,71134,142147,13118,129029
AG1,728,21,agentic,0,2,16218,71689,140257,12465,127792
AG1,728,22,agentic,0,0,16134,71373,141353,13549,127804
AG1,728,23,agentic,0,1,24889,74416,140039,13065,126974
AG1,728,24,agentic,0,1,16339,70786,141701,13472,128229
AG1,728,25,agentic,0,0,16137,71385,140398,13114,127284
AG1,728,26,agentic,0,0,16508,70229,140234,13358,126876
AG1,728,27,agentic,1,1,25196,74827,141034,12575,128459
AG1,728,28,agentic,1,0,25312,74378,141205,13537,127668
AG1,728,29,agentic,3,1,39556,81837,141924,13795,128129
AG1,728,30,agentic,2,4,32221,77466,142929,13811,129118
AG1,728,31,agentic,1,1,25548,74615,141247,13350,127897
AG1,728,32,agentic,0,4,16170,71642,141970,13051,128919
AG1,728,33,agentic,2,3,32095,79354,142507,13574,128933
AG1,728,34,agentic,0,4,16459,72187,142309,13360,128949
AG1,728,35,agentic,3,3,39168,82382,142765,13558,129207
AG1,728,36,agentic,4,7,46021,86674,143894,13853,130041
AG1,728,37,agentic,3,7,52174,95308,141844,13194,128650
AG1,728,38,agentic,6,7,55072,106987,141804,13885,127919
AG1,728,39,agentic,3,7,39058,82836,142674,13344,129330
AG1,728,40,agentic,6,7,54816,107245,143318,13475,129843
AG1,728,41,agentic,2,7,32231,78110,143084,13801,129283
AG1,728,42,agentic,6,7,55266,107050,146844,13788,133056
AG1,728,43,agentic,6,7,55372,108316,143120,13474,129646
AG1,728,44,agentic,3,7,39452,82576,144605,13824,130781
AG1,728,45,agentic,3,7,54271,107245,141242,13623,127619
AG1,728,46,agentic,5,7,54713,106895,141803,13309,128494
AG1,728,47,agentic,1,7,45209,88315,142763,13242,129521
AG1,728,48,agentic,6,7,55055,107224,141829,13574,128255
AG1,728,49,agentic,5,7,55147,107075,142694,12959,129735
AG1,728,50,agentic,6,7,55188,107890,143298,13619,129679
AG1,728,51,agentic,4,4,46122,88410,142137,13507,128630
AG1,728,52,agentic,2,0,54467,107430,138462,13351,125111
AG1,728,53,agentic,2,7,32923,77545,143333,13397,129936
AG1,728,54,agentic,4,7,52647,96572,142687,13276,129411
AG1,728,55,agentic,6,7,55481,106341,141676,13799,127877
AG1,728,56,agentic,3,5,39242,83355,142086,13817,128269
AG1,728,57,agentic,1,1,25402,75050,142377,13640,128737
AG1,728,58,agentic,3,3,54349,108413,142225,13782,128443
AG1,728,59,agentic,3,4,38982,82610,141471,13250,128221
AG1,728,60,agentic,1,6,25207,74431,143605,13733,129872
AG1,728,61,agentic,3,4,39110,83311,142895,13443,129452
AG1,728,62,agentic,0,0,16206,71409,141184,13596,127588
AG1,728,63,agentic,2,5,32755,78404,141991,13221,128770
AG1,728,64,agentic,0,3,16403,70258,142098,13139,128959
AG1,728,65,agentic,1,2,25144,75246,141521,13489,128032
AG1,728,66,agentic,0,0,16431,70817,141862,13786,128076
AG1,728,67,agentic,1,4,25138,74063,141628,13393,128235
AG1,728,68,agentic,0,2,16801,71190,142162,13312,128850
AG1,728,69,agentic,1,1,32221,78590,141382,13399,127983
AG1,728,70,agentic,0,0,16019,71622,141933,14019,127914
AG1,728,71,agentic,1,1,32554,77881,141907,13307,128600
AG1,728,72,agentic,0,0,24846,74219,141737,13575,128162
AG1,728,73,agentic,0,1,53361,106551,142297,13772,128525
AG1,728,74,agentic,6,7,53632,106613,144572,13503,131069
AG1,728,75,agentic,0,6,16311,71915,144617,13963,130654
AG1,728,76,agentic,1,5,25361,74252,143310,13355,129955
AG1,728,77,agentic,6,3,54986,107978,142108,13467,128641
AG1,728,78,agentic,6,7,54989,108503,144596,13760,130836
AG1,728,79,agentic,6,7,54812,108169,144312,13451,130861
AG1,728,80,agentic,6,7,55074,107202,142142,13116,129026
AG1,728,81,agentic,6,7,54859,108036,143400,13262,130138
AG1,728,82,agentic,6,7,55250,108243,142227,12994,129233
AG1,728,83,agentic,6,7,55115,107771,142863,13440,129423
AG1,728,84,agentic,6,7,54971,107712,142042,13001,129041
AG1,728,85,agentic,6,7,55536,107819,144087,13343,130744
AG1,728,86,agentic,6,7,55158,107548,142795,13953,128842
AG1,728,87,agentic,6,7,55488,108034,143225,13441,129784
AG1,728,88,agentic,6,7,55440,108234,144548,13374,131174
AG1,728,89,agentic,5,7,54836,107320,143681,13483,130198
AG1,728,90,agentic,6,7,55268,107315,141836,13271,128565
AG1,728,91,agentic,6,7,55025,107379,142913,13044,129869
AG1,728,92,agentic,6,7,55037,107739,143337,13021,130316
AG1,728,93,agentic,3,7,54180,108312,143517,13589,129928
AG1,728,94,agentic,6,7,55071,107090,144241,14023,130218
AG2,826,2,agentic,1,7,25358,74850,140367,13470,126897
AG2,826,3,agentic,0,7,16217,70193,142931,13300,129631
AG2,826,4,agentic,2,7,32092,77736,141316,12669,128647
AG2,826,5,agentic,3,5,39541,81467,142130,13065,129065
AG2,826,6,agentic,1,1,31972,77956,140525,13363,127162
AG2,826,7,agentic,3,3,53870,106841,139933,13105,126828
AG2,826,8,agentic,0,0,16049,69883,140517,13210,127307
AG2,826,9,agentic,2,7,32307,78112,141170,12626,128544
AG2,826,10,agentic,5,5,54751,108282,142391,13352,129039
AG2,826,11,agentic,0,0,25205,74933,139365,13460,125905
AG2,826,12,agentic,0,3,45262,87117,144022,14073,129949
AG2,826,13,agentic,1,2,25478,74572,141613,13918,127695
AG2,826,14,agentic,2,7,32487,77567,143203,13853,129350
AG2,826,15,agentic,2,7,32183,77798,141964,13165,128799
AG2,826,16,agentic,5,5,55044,107424,142410,13307,129103
AG2,826,17,agentic,3,7,39341,82323,143625,13236,130389
AG2,826,18,agentic,6,7,55208,107610,143617,13740,129877
AG2,826,19,agentic,0,4,16092,71427,143305,13296,130009
AG2,826,20,agentic,6,7,55300,106447,142045,13446,128599
AG2,826,21,agentic,1,7,32029,78546,144304,13598,130706
AG2,826,22,agentic,3,3,39381,81679,143048,13386,129662
AG2,826,23,agentic,4,7,46076,86797,141794,13706,128088
AG2,826,24,agentic,3,4,39196,83078,142510,13822,128688
AG2,826,25,agentic,2,2,32303,78801,141510,13439,128071
AG2,826,26,agentic,0,0,16087,71245,141241,13615,127626
AG2,826,27,agentic,0,0,16013,71788,141042,13296,127746
AG2,826,28,agentic,0,1,16410,70777,142038,13081,128957
AG2,826,29,agentic,0,0,16089,71489,140503,12597,127906
AG2,826,30,agentic,1,3,25220,75031,141639,13044,128595
AG2,826,31,agentic,1,1,25405,74687,141349,13533,127816
AG2,826,32,agentic,0,0,24773,75258,142188,14037,128151
AG2,826,33,agentic,6,7,54650,106737,143580,13362,130218
AG2,826,34,agentic,2,2,32385,79390,139958,13359,126599
AG2,826,35,agentic,0,1,16186,71858,141079,13133,127946
AG2,826,36,agentic,0,0,16160,70162,140873,13151,127722
AG2,826,37,agentic,1,1,25464,73977,139464,12702,126762
AG2,826,38,agentic,0,1,16365,71492,140214,12822,127392
AG2,826,39,agentic,0,0,16401,71504,139839,13316,126523
AG2,826,40,agentic,1,7,53469,107364,143727,13448,130279
AG2,826,41,agentic,6,7,55022,106606,141597,13186,128411
AG2,826,42,agentic,0,0,16422,70879,141648,13071,128577
AG2,826,43,agentic,3,4,39337,82679,141357,12761,128596
AG2,826,44,agentic,0,0,16219,70290,141248,13562,127686
AG2,826,45,agentic,0,7,16460,70949,142290,13127,129163
AG2,826,46,agentic,6,7,54893,106309,141582,12496,129086
AG2,826,47,agentic,0,0,16185,70034,139471,13287,126184
AG2,826,48,agentic,5,7,54532,108024,142430,13450,128980
AG2,826,49,agentic,0,4,16241,71628,141971,13215,128756
AG2,826,50,agentic,0,3,16406,71495,141798,13493,128305
AG2,826,51,agentic,0,2,16381,72022,142613,13196,129417
AG2,826,52,agentic,1,3,25466,73555,143684,14109,129575
AG2,826,53,agentic,0,1,16673,71459,140652,13480,127172
AG2,826,54,agentic,0,0,16391,71011,140150,12526,127624
AG2,826,55,agentic,0,1,16699,72033,141259,12522,128737
AG2,826,56,agentic,0,1,16325,71683,141473,13396,128077
AG2,826,57,agentic,0,6,15926,70266,141856,13410,128446
AG2,826,58,agentic,5,7,52740,97037,142273,12605,129668
AG2,826,59,agentic,0,1,16111,71728,141192,13760,127432
AG2,826,60,agentic,0,0,38554,82108,140440,13216,127224
AG2,826,61,agentic,0,3,16005,70795,142095,14158,127937
AG2,826,62,agentic,3,4,39028,82703,142356,13192,129164
AG2,826,63,agentic,0,2,16572,70912,141706,13580,128126
AG2,826,64,agentic,1,1,25400,73723,141656,12698,128958
AG2,826,65,agentic,0,2,16431,70829,141059,13459,127600
AG2,826,66,agentic,0,1,16597,71435,139328,12516,126812
AG2,826,67,agentic,0,4,16559,71444,143580,13278,130302
AG2,826,68,agentic,1,3,26069,75066,142278,13182,129096
AG2,826,69,agentic,1,4,53519,106794,143546,13912,129634
AG2,826,70,agentic,2,2,54363,107010,143275,13564,129711
AG2,826,71,agentic,6,7,55268,108631,142555,13334,129221
AG2,826,72,agentic,3,7,53875,107197,144181,13707,130474
AG2,826,73,agentic,6,7,54921,107719,143754,13616,130138
AG2,826,74,agentic,6,7,54985,108158,144170,13764,130406
AG2,826,75,agentic,6,7,55192,107608,142735,13557,129178
AG2,826,76,agentic,6,7,55229,107775,142744,13585,129159
AG2,826,77,agentic,2,2,54260,109467,142195,13619,128576
AG2,826,78,agentic,6,7,55006,107381,143506,13334,130172
AG2,826,79,agentic,6,7,54997,108572,143168,13066,130102
AG2,826,80,agentic,6,7,55094,107904,145176,13754,131422
AG2,826,81,agentic,6,7,54753,107552,142830,13102,129728
AG2,826,82,agentic,6,7,55215,107695,143930,13556,130374
AG2,826,83,agentic,6,7,55623,108000,144991,13875,131116
AG2,826,84,agentic,1,7,25441,74456,143223,13678,129545
AG2,826,85,agentic,5,7,54886,108469,143145,13948,129197
AG2,826,86,agentic,6,7,54808,108843,145602,13852,131750
AG2,826,87,agentic,6,7,55113,107727,144110,13380,130730
AG2,826,88,agentic,6,7,54180,110066,143852,13804,130048
AG2,826,89,agentic,6,7,55234,107965,145240,13728,131512
AG2,826,90,agentic,6,7,55447,108160,145331,13810,131521
AG2,826,91,agentic,6,6,54841,108760,144539,13447,131092
AG2,826,92,agentic,0,4,16160,70410,144361,13374,130987
AG2,826,93,agentic,2,3,31733,79188,142780,12857,129923
AG2,826,94,agentic,0,4,17149,70102,141979,13667,128312
AG2,826,95,agentic,1,1,38492,81825,140691,13534,127157
AG2,826,96,agentic,0,7,16066,71255,143039,13294,129745
AG2,826,97,agentic,0,7,16249,71912,142330,13530,128800
AG2,826,98,agentic,0,7,16261,70992,144590,13390,131200
AG2,826,99,agentic,4,7,45849,88488,143119,13046,130073
AG2,826,100,agentic,2,2,54058,108667,143911,13805,130106
AG2,826,101,agentic,5,5,54614,107090,143768,13448,130320
AG2,826,102,agentic,6,7,54704,107484,144166,13351,130815
AG2,826,103,agentic,6,7,55011,107650,142433,13189,129244
AG2,826,104,agentic,6,7,56071,108649,143579,13522,130057
AG2,826,105,agentic,6,7,55702,108141,144380,13953,130427
AG2,826,106,agentic,6,7,54680,108096,144765,13687,131078
AG2,826,107,agentic,6,7,54728,109231,145879,13371,132508
AG2,826,108,agentic,6,7,54928,107586,144223,13498,130725
AG2,826,109,agentic,6,7,55026,108251,144323,13466,130857
AG2,826,110,agentic,6,7,55051,107674,144015,13465,130550
AG2,826,111,agentic,6,7,55022,108338,145598,13746,131852
AG2,826,112,agentic,6,7,55356,109018,144140,13297,130843
AG2,826,113,agentic,6,7,54778,108310,145082,13621,131461
AG2,826,114,agentic,6,7,54784,107493,142131,13211,128920
AG2,826,115,agentic,6,7,54742,108238,144230,13031,131199
AG2,826,116,agentic,6,7,55194,107787,143822,13283,130539
AG2,826,117,agentic,6,7,55031,108661,144370,13511,130859
AG2,826,118,agentic,6,7,55601,109436,144046,13436,130610
AG2,826,119,agentic,6,7,55832,110489,142630,13139,129491
AG2,826,120,agentic,6,7,55104,109698,142828,13425,129403
AG2,826,121,agentic,6,7,55254,110156,142894,13491,129403
AG2,826,122,agentic,6,7,54893,107725,144548,13634,130914
AG2,826,123,agentic,6,7,55044,108939,145555,13426,132129
AG2,826,124,agentic,6,7,55137,108387,143880,13487,130393
AG2,826,125,agentic,6,7,55112,109547,145147,14300,130847
AG2,826,126,agentic,6,7,55011,110469,142891,13411,129480
AG2,826,127,agentic,6,7,54935,108165,143783,13506,130277
AG2,826,128,agentic,6,7,55005,109035,144351,13647,130704
AG2,826,129,agentic,6,7,54727,107877,145606,13511,132095
AG2,826,130,agentic,6,7,54875,107931,143999,13900,130099
AG2,826,131,agentic,6,7,55689,107724,144241,13463,130778
AG2,826,132,agentic,6,7,55268,107067,143221,13357,129864
AG2,826,133,agentic,6,7,55028,108638,143679,13833,129846
AG2,826,134,agentic,6,7,55124,107388,144678,13495,131183
AG2,826,135,agentic,6,7,55165,107316,144281,13666,130615
AG2,826,136,agentic,6,7,55044,108780,145071,13993,131078
AG2,826,137,agentic,6,7,55197,107509,143363,13337,130026
AG2,826,138,agentic,6,7,54767,107679,144895,13505,131390
AG2,826,139,agentic,6,7,54867,108700,143303,13260,130043
AG2,826,140,agentic,6,7,55003,108126,144447,13517,130930
AG2,826,141,agentic,6,7,55046,107840,144351,13756,130595
AG2,826,142,agentic,6,7,54931,107854,145355,13725,131630
AG2,826,143,agentic,6,7,55005,109439,144843,13674,131169
AG2,826,144,agentic,6,7,55244,108826,144668,13544,131124
AG2,826,145,agentic,6,7,54972,109448,144253,13466,130787
AG2,826,146,agentic,6,7,54868,108342,143729,13679,130050
AG2,826,147,agentic,6,7,55550,109648,146063,13569,132494
AG2,826,148,agentic,6,7,54993,108381,144306,13472,130834
AG2,826,149,agentic,6,7,55224,108964,144230,13725,130505
AG2,826,150,agentic,6,7,55944,109379,145082,13570,131512
AG2,826,151,agentic,6,7,55277,109085,144165,13457,130708
AG2,826,152,agentic,6,7,55153,109316,144813,13454,131359
AG2,826,153,agentic,6,7,54987,110334,145267,13296,131971
AG3,983,2,agentic,2,2,32243,78043,141041,13582,127459
AG3,983,3,agentic,3,1,38930,81951,141491,13720,127771
AG3,983,4,agentic,6,7,55203,107328,142785,13547,129238
AG3,983,5,agentic,6,7,56012,107407,144026,13497,130529
AG3,983,6,agentic,3,2,38960,82377,141526,13243,128283
AG3,983,7,agentic,4,6,45822,87182,143488,13847,129641
AG3,983,8,agentic,1,1,38591,81135,140298,13486,126812
AG3,983,9,agentic,6,7,54838,107563,143407,13371,130036
AG3,983,10,agentic,3,5,39050,82319,142804,13301,129503
AG3,983,11,agentic,1,1,25408,74571,143857,13514,130343
AG3,983,12,agentic,3,3,36434,82417,140184,13207,126977
AG3,983,13,agentic,3,4,39243,82289,141611,13499,128112
AG3,983,14,agentic,0,5,16249,71769,141398,13611,127787
AG3,983,15,agentic,2,7,32690,78910,144076,13076,131000
AG3,983,16,agentic,1,7,24908,75150,144386,13657,130729
AG3,983,17,agentic,4,5,45815,88723,144754,13130,131624
AG3,983,18,agentic,0,3,16039,71237,142754,13750,129004
AG3,983,19,agentic,0,1,16094,70294,141287,12688,128599
AG3,983,20,agentic,1,5,25284,74508,142629,12716,129913
AG3,983,21,agentic,0,1,16623,71411,141790,13422,128368
AG3,983,22,agentic,0,2,16408,70803,139791,12550,127241
AG3,983,23,agentic,0,1,16320,71221,139905,13511,126394
AG3,983,24,agentic,0,3,15937,71953,141103,13030,128073
AG3,983,25,agentic,1,2,25419,73804,141916,13069,128847
AG3,983,26,agentic,0,0,16039,70042,140458,13577,126881
AG3,983,27,agentic,6,7,55213,108131,143513,13347,130166
AG3,983,28,agentic,5,3,52403,97853,142472,13361,129111
AG3,983,29,agentic,5,5,54529,108490,144261,14045,130216
AG3,983,30,agentic,2,1,32282,78057,140323,13027,127296
AG3,983,31,agentic,1,7,25225,74580,143897,13277,130620
AG3,983,32,agentic,6,7,54891,107559,143638,13747,129891
AG3,983,33,agentic,4,6,45678,88415,144183,13643,130540
AG3,983,34,agentic,0,3,16516,69941,144397,14003,130394
AG3,983,35,agentic,0,2,16324,71496,141205,13304,127901
AG3,983,36,agentic,0,3,16032,71321,143366,13198,130168
AG3,983,37,agentic,0,7,16533,71066,143979,13085,130894
AG3,983,38,agentic,1,2,25339,74417,140678,12675,128003
AG3,983,39,agentic,0,0,16032,70886,142318,13487,128831
AG3,983,40,agentic,3,7,39066,81766,143149,12774,130375
AG3,983,41,agentic,6,7,54837,107459,143944,13999,129945
AG3,983,42,agentic,0,2,16234,71326,142064,14057,128007
AG3,983,43,agentic,1,5,25419,74189,143008,13261,129747
AG3,983,44,agentic,3,4,38746,82667,149243,13718,135525
AG3,983,45,agentic,1,3,25050,74315,143370,14073,129297
AG3,983,46,agentic,1,1,25165,75088,141805,13518,128287
AG3,983,47,agentic,6,1,54837,107233,141359,13118,128241
AG3,983,48,agentic,6,7,54552,108133,143328,12911,130417
AG3,983,49,agentic,3,7,54464,108338,144193,13700,130493
AG3,983,50,agentic,4,7,45838,88040,144507,13515,130992
AG3,983,51,agentic,6,7,54756,106851,144148,13883,130265
AG3,983,52,agentic,5,7,52585,97710,144765,14007,130758
AG3,983,53,agentic,6,7,54799,107542,142854,13421,129433
AG3,983,54,agentic,6,7,54840,107678,142825,13590,129235
AG3,983,55,agentic,6,7,54831,108192,142742,13370,129372
AG3,983,56,agentic,6,7,54514,108078,143273,13026,130247
AG3,983,57,agentic,5,7,54772,107197,144344,13724,130620
AG3,983,58,agentic,6,7,54686,108419,144074,13424,130650
AG3,983,59,agentic,6,7,54862,109167,143285,13477,129808
AG3,983,60,agentic,4,4,54153,109907,143218,13433,129785
AG3,983,61,agentic,6,7,56157,109017,146704,13560,133144
AG3,983,62,agentic,6,7,54887,108173,145242,13482,131760
AG3,983,63,agentic,4,4,45675,89091,142593,13370,129223
AG3,983,64,agentic,0,1,16035,71103,142417,13648,128769
AG3,983,65,agentic,0,1,16108,70291,141845,13100,128745
AG3,983,66,agentic,0,1,16049,71168,142501,13392,129109
AG3,983,67,agentic,0,0,16311,70325,140223,12640,127583
AG3,983,68,agentic,1,1,24996,73881,140340,13085,127255
AG3,983,69,agentic,0,1,16074,70260,142184,13680,128504
AG3,983,70,agentic,0,2,16222,70923,141960,13211,128749
AG3,983,71,agentic,1,1,25419,74661,140658,12544,128114
AG3,983,72,agentic,3,7,40208,82659,142945,13469,129476
AG3,983,73,agentic,3,7,53978,108563,142982,13443,129539
AG3,983,74,agentic,6,0,54685,107801,140686,13467,127219
AG3,983,75,agentic,6,7,54825,109383,144441,13021,131420
AG3,983,76,agentic,6,7,54976,107984,143424,13750,129674
AG3,983,77,agentic,6,7,55056,108434,144973,13682,131291
AG3,983,78,agentic,6,7,55695,108437,144041,13725,130316
AG3,983,79,agentic,6,7,55198,107527,143906,13713,130193
AG3,983,80,agentic,6,7,55240,107653,142746,13387,129359
AG3,983,81,agentic,6,7,54770,108767,143295,13689,129606
AG3,983,82,agentic,6,7,55348,107722,143778,13803,129975
AG3,983,83,agentic,6,7,54905,108326,143762,14334,129428
AG3,983,84,agentic,6,7,54547,108418,143161,13457,129704
AG3,983,85,agentic,6,7,55009,108395,143641,13551,130090
AG3,983,86,agentic,6,7,54861,108651,143920,13744,130176
AG3,983,87,agentic,6,7,54803,107955,144339,13663,130676
AG3,983,88,agentic,6,7,55005,108180,141836,13081,128755
AG3,983,89,agentic,6,7,55300,109438,143699,13782,129917
AG3,983,90,agentic,6,7,54794,110017,143623,13551,130072
AG3,983,91,agentic,6,7,54942,108201,144608,13472,131136
AG3,983,92,agentic,6,7,54920,107954,145438,13606,131832
AG3,983,93,agentic,6,7,54909,107859,144625,13582,131043
AG3,983,94,agentic,6,7,54807,108140,142948,13241,129707
AG3,983,95,agentic,6,7,54858,107457,144250,13431,130819
AG3,983,96,agentic,6,7,54929,108112,144688,13763,130925
AG3,983,97,agentic,6,7,54773,109349,144240,13619,130621
AG3,983,98,agentic,6,7,55177,108780,145060,13887,131173
AG3,983,99,agentic,6,7,54966,107664,144490,13233,131257
AG3,983,100,agentic,6,7,54952,109241,143891,13686,130205
AG3,983,101,agentic,6,7,55085,108087,143802,13718,130084
AG3,983,102,agentic,6,7,55060,109466,143847,13777,130070
AG3,983,103,agentic,6,7,55080,108444,143994,13462,130532
AG3,983,104,agentic,6,7,55214,109059,145988,13551,132437
AG3,983,105,agentic,6,7,55379,109300,144589,13798,130791
AG3,983,106,agentic,6,7,55012,108816,145335,13529,131806
AG3,983,107,agentic,6,7,54864,109125,146179,13929,132250
AG3,983,108,agentic,6,7,54814,108895,146138,13648,132490
AG3,983,109,agentic,6,7,54689,108130,144514,13559,130955
AG3,983,110,agentic,6,7,54793,109705,145132,13704,131428
AG3,983,111,agentic,6,7,55051,108672,144319,13398,130921
AG3,983,112,agentic,6,7,55093,109622,144797,13709,131088
AG3,983,113,agentic,6,7,54863,109581,143748,13425,130323
AG3,983,114,agentic,6,7,54518,108559,144592,13524,131068
AG3,983,115,agentic,6,7,54881,108112,144621,13407,131214
AG3,983,116,agentic,6,7,54751,108075,144335,13283,131052
AG3,983,117,agentic,6,7,55096,107991,144551,13325,131226
AG3,983,118,agentic,6,7,54911,108891,144651,13748,130903
AG3,983,119,agentic,6,7,54999,110258,144640,13215,131425
M1,1106,2,misto,0,7,16028,71916,140919,13412,127507
M1,1106,3,misto,0,0,16655,71275,143328,13527,129801
M1,1106,4,misto,1,7,25139,73900,144154,12644,131510
M1,1106,5,misto,6,7,54797,107926,143602,13055,130547
M1,1106,6,misto,6,7,54370,108313,142534,13315,129219
M1,1106,7,misto,6,7,55119,108228,144782,13847,130935
M1,1106,8,misto,6,7,54719,107182,143554,13366,130188
M1,1106,9,misto,6,7,54926,107765,142319,12822,129497
M1,1106,10,misto,6,7,54939,107934,141902,13405,128497
M1,1106,11,misto,6,7,54432,108580,143861,13417,130444
M1,1106,12,misto,6,7,55039,108015,142880,13540,129340
M1,1106,13,misto,6,7,55124,108034,142885,13369,129516
M1,1106,14,misto,6,7,54724,108385,142399,13349,129050
M1,1106,15,misto,6,7,54390,108433,141941,13385,128556
M1,1106,16,misto,5,5,54209,108778,141708,13545,128163
M1,1106,17,misto,2,5,32177,78539,143940,13316,130624
M1,1106,18,misto,5,4,52333,97687,144759,13925,130834
M1,1106,19,misto,0,7,16488,71374,144361,13608,130753
M1,1106,20,misto,2,6,32543,78426,142606,13098,129508
M1,1106,21,misto,3,4,39228,83061,142483,13207,129276
M1,1106,22,misto,0,0,52822,107758,140330,13385,126945
M1,1106,23,misto,6,7,54544,108576,142107,13416,128691
M1,1106,24,misto,4,4,54152,107652,142532,13492,129040
M1,1106,25,misto,0,3,15927,71435,143897,13933,129964
M1,1106,26,misto,2,2,45119,88360,141914,13172,128742
M1,1106,27,misto,0,7,16022,70916,144562,13911,130651
M1,1106,28,misto,0,7,15954,71554,142846,12527,130319
M1,1106,29,misto,6,6,54597,107129,143288,13259,130029
M1,1106,30,misto,1,1,25311,74052,142839,13302,129537
M1,1106,31,misto,2,2,32119,79247,142758,13091,129667
M1,1106,32,misto,2,3,31978,77939,142157,13589,128568
M1,1106,33,misto,0,0,16225,70838,141978,13732,128246
M1,1106,34,misto,1,4,25249,74327,142074,13171,128903
M1,1106,35,misto,2,2,31991,79350,143494,13987,129507
M1,1106,36,misto,0,7,16288,71924,143979,13495,130484
M1,1106,37,misto,6,7,54802,108252,143494,13155,130339
M1,1106,38,misto,0,4,16026,72007,142869,13421,129448
M1,1106,39,misto,0,3,16192,70379,142572,13106,129466
M1,1106,40,misto,2,2,31948,78767,140824,12695,128129
M1,1106,41,misto,0,0,16345,71795,141256,13719,127537
M1,1106,42,misto,1,1,25080,74662,141093,13085,128008
M1,1106,43,misto,0,0,17025,71016,141344,13230,128114
M1,1106,44,misto,0,2,15906,71403,140906,12649,128257
M1,1106,45,misto,0,1,16034,70689,141875,13129,128746
M1,1106,46,misto,0,1,16049,70923,140240,12614,127626
M1,1106,47,misto,0,0,16242,72095,140877,12966,127911
M1,1106,48,misto,0,1,15900,70168,141557,13905,127652
M1,1106,49,misto,0,4,16129,70928,143021,13318,129703
M1,1106,50,misto,3,4,45731,86976,141628,12523,129105
M1,1106,51,misto,3,5,39292,82707,142545,13882,128663
M1,1106,52,misto,0,1,15922,71843,141587,13582,128005
M1,1106,53,misto,0,0,15945,70509,141186,13182,128004
M1,1106,54,misto,0,4,16502,72051,140544,12743,127801
M1,1106,55,misto,0,6,16364,71594,145154,13122,132032
M1,1106,56,misto,3,7,38844,82993,144289,13303,130986
M1,1106,57,misto,2,3,31703,78803,143590,13187,130403
M1,1106,58,misto,3,4,38685,83273,141940,13757,128183
M1,1106,59,misto,0,1,16168,70676,142635,13546,129089
M1,1106,60,misto,0,6,16702,71538,142744,12610,130134
M1,1106,61,misto,4,6,45558,88903,144206,13538,130668
M1,1106,62,misto,0,0,16034,71777,142802,13458,129344
M1,1106,63,misto,0,0,16110,71827,141846,13105,128741
M1,1106,64,misto,1,2,25445,73963,143184,13641,129543
M1,1106,65,misto,0,4,16523,71701,143404,12977,130427
M1,1106,66,misto,0,3,16371,71544,143550,13096,130454
M1,1106,67,misto,1,7,25853,74339,145513,14144,131369
M1,1106,68,misto,0,0,18296,71200,140397,13562,126835
M1,1106,69,misto,0,3,16374,72000,142996,13164,129832
M1,1106,70,misto,2,2,32160,77984,143771,14003,129768
M1,1106,71,misto,0,0,16320,71509,142503,13641,128862
M1,1106,72,misto,0,0,25018,75354,140744,12458,128286
M1,1106,73,misto,0,1,16277,71279,140375,13136,127239
M1,1106,74,misto,0,0,15944,71037,141712,13352,128360
M1,1106,75,misto,0,3,16073,71260,141919,13319,128600
M1,1106,76,misto,0,2,16207,70457,141660,13162,128498
M1,1106,77,misto,0,1,24917,74139,140473,12713,127760
M1,1106,78,misto,0,0,16117,71351,139834,13398,126436
M1,1106,79,misto,3,4,39321,82735,141576,12659,128917
M1,1106,80,misto,0,0,16148,70825,140983,13547,127436
M1,1106,81,misto,0,2,15845,70712,141713,13521,128192
M1,1106,82,misto,1,1,25085,74520,141695,13752,127943
M1,1106,83,misto,2,3,31770,78922,141614,12968,128646
M1,1106,84,misto,0,1,15862,71974,141512,13383,128129
M1,1106,85,misto,1,1,24997,74098,139965,12544,127421
M1,1106,86,misto,2,7,31976,78407,143279,13101,130178
M1,1106,87,misto,5,6,52838,96746,142252,13166,129086
M1,1106,88,misto,0,0,16466,70394,141618,13541,128077
M1,1106,89,misto,0,0,16139,71876,140028,12707,127321
M1,1106,90,misto,0,0,15837,71272,139475,12535,126940
M1,1106,91,misto,2,2,31980,78683,138894,12479,126415
M1,1106,92,misto,0,1,15953,71231,140035,12840,127195
M1,1106,93,misto,1,3,23760,74116,140847,12583,128264
M1,1106,94,misto,1,1,25352,73261,140345,13283,127062
M1,1106,95,misto,0,6,15959,72253,142744,13024,129720
M1,1106,96,misto,5,5,52320,97309,142213,13797,128416
M1,1106,97,misto,0,2,16093,70929,140364,13134,127230
M1,1106,98,misto,1,4,25233,73732,140766,12955,127811
M1,1106,99,misto,0,0,15200,71452,139248,13030,126218
M1,1106,100,misto,1,1,25024,74917,141543,13487,128056
M1,1106,101,misto,1,2,25091,73737,140702,13072,127630
M1,1106,102,misto,0,0,16030,70856,139810,12979,126831
M1,1106,103,misto,0,2,16883,70510,140216,12480,127736
M1,1106,104,misto,0,3,16007,70629,141147,12645,128502
M1,1106,105,misto,0,1,16136,70486,142673,13367,129306
M1,1106,106,misto,0,0,16221,71544,139750,12591,127159
M1,1106,107,misto,0,3,37851,81824,142792,13152,129640
M1,1106,108,misto,2,2,32019,78284,142726,14054,128672
M1,1106,109,misto,1,3,25133,75361,143291,13450,129841
M1,1106,110,misto,0,1,16562,71108,142088,13761,128327
M1,1106,111,misto,0,1,16035,71517,142003,13401,128602
M1,1106,112,misto,0,4,16140,71476,142615,13073,129542
M1,1106,113,misto,3,4,38923,82243,142713,12589,130124
M1,1106,114,misto,6,7,55017,108084,144000,13517,130483
M1,1106,115,misto,1,1,51494,108907,141995,13494,128501
M1,1106,116,misto,0,1,16125,71397,141576,13145,128431
M1,1106,117,misto,0,0,16083,71936,143528,13300,130228
M1,1106,118,misto,0,1,16296,72068,140852,12463,128389
M1,1106,119,misto,0,0,16463,71714,141919,13265,128654
M1,1106,120,misto,0,0,15906,70908,141769,13232,128537
M1,1106,121,misto,0,0,16971,71513,139768,12625,127143
M1,1106,122,misto,0,1,16302,70783,140591,13549,127042
M1,1106,123,misto,0,4,16248,71742,143908,13402,130506
M1,1106,124,misto,1,6,25107,74767,144745,13802,130943
M1,1106,125,misto,4,4,45709,87585,143093,13080,130013
M1,1106,126,misto,1,2,25325,74188,142801,13392,129409
M1,1106,127,misto,0,2,16074,71119,140774,13070,127704
M1,1106,128,misto,1,1,25268,73800,142758,13226,129532
M1,1106,129,misto,0,2,16340,71343,141671,13280,128391
M1,1106,130,misto,1,1,31963,78747,140786,12478,128308
M1,1106,131,misto,4,5,52276,96666,144111,13382,130729
M1,1106,132,misto,0,0,15874,70817,140555,13819,126736
M1,1106,133,misto,0,7,16754,70829,141878,12885,128993
M1,1106,134,misto,0,6,15930,71476,144172,13433,130739
M1,1106,135,misto,4,5,54097,107640,142875,12543,130332
M1,1106,136,misto,6,7,54392,108077,145007,13770,131237
M1,1106,137,misto,4,7,54445,108996,144300,13592,130708
M1,1106,138,misto,4,6,45774,88150,144311,13466,130845
M1,1106,139,misto,0,6,15937,71599,143217,13624,129593
M1,1106,140,misto,0,5,16083,71015,143753,13179,130574
M1,1106,141,misto,4,7,45876,87067,143953,12665,131288
M1,1106,142,misto,0,7,16126,70396,145372,14057,131315
M1,1106,143,misto,1,5,25421,74878,143106,13406,129700
M1,1106,144,misto,0,7,16100,72176,144460,13395,131065
M1,1106,145,misto,0,2,16322,70519,142232,13138,129094
M1,1106,146,misto,0,1,15950,70867,140238,12633,127605
M1,1106,147,misto,0,1,15987,70835,140920,12942,127978
M1,1106,148,misto,1,1,25419,75430,138976,12727,126249
M1,1106,149,misto,1,2,24985,73244,142115,13416,128699
M1,1106,150,misto,0,0,16471,71782,142953,14356,128597
M1,1106,151,misto,1,1,25167,75106,139771,12409,127362
M1,1106,152,misto,0,0,31625,78408,142858,13202,129656
M1,1106,153,misto,0,4,16490,70611,142508,13212,129296
M1,1106,154,misto,0,0,16297,70170,140135,12607,127528
M1,1106,155,misto,1,1,25321,75651,142450,13390,129060
M1,1106,156,misto,0,0,15949,71292,142643,13606,129037
M1,1106,157,misto,0,2,16446,71835,141933,13265,128668
M1,1106,158,misto,1,1,25460,74676,142771,13277,129494
M1,1106,159,misto,2,3,32047,79653,145083,14126,130957
M1,1106,160,misto,0,1,16325,71659,141745,13182,128563
M1,1106,161,misto,0,2,16027,69993,143402,13717,129685
M1,1106,162,misto,1,1,25174,74161,142487,12693,129794
M1,1106,163,misto,6,5,54581,107505,141563,13105,128458
M1,1106,164,misto,0,0,16031,71135,141903,13094,128809
M1,1106,165,misto,1,7,25294,72783,144324,13575,130749
M1,1106,166,misto,6,6,55654,107294,142498,13147,129351
M1,1106,167,misto,0,3,16007,69859,142529,13879,128650
M1,1106,168,misto,1,2,25263,75753,143411,13466,129945
M1,1106,169,misto,0,0,15913,71337,142307,13902,128405
M1,1106,170,misto,0,0,15965,70935,141260,12921,128339
M1,1106,171,misto,0,1,16039,71031,141095,13385,127710
M1,1106,172,misto,0,0,15909,71680,140429,12792,127637
M1,1106,173,misto,0,0,24807,74251,142456,13180,129276
M1,1106,174,misto,0,0,15995,70976,141732,13199,128533
M1,1106,175,misto,1,2,32094,78907,143832,13391,130441
M1,1106,176,misto,0,1,16180,70316,143032,13892,129140
M1,1106,177,misto,0,6,16464,71269,142283,12623,129660
M1,1106,178,misto,0,5,16049,71526,144489,13249,131240
M1,1106,179,misto,0,4,15858,71415,143740,13217,130523
M1,1106,180,misto,2,2,32179,78314,142832,13328,129504
M1,1106,181,misto,0,0,16101,70709,143477,13605,129872
M1,1106,182,misto,0,0,16174,70488,141960,12895,129065
M1,1106,183,misto,1,2,25083,74341,142001,12884,129117
M1,1106,184,misto,0,0,16107,70771,140442,13176,127266
M1,1106,185,misto,0,0,16080,71037,140671,12897,127774
M1,1106,186,misto,0,0,16150,71060,140327,12752,127575
M1,1106,187,misto,0,0,16102,71240,140730,13280,127450
M1,1106,188,misto,2,0,32078,78880,143594,13136,130458
M1,1106,189,misto,0,1,15983,71076,142160,13540,128620
M1,1106,190,misto,0,0,16322,71673,142924,13385,129539
M1,1106,191,misto,1,1,25272,74388,143471,13503,129968
M1,1106,192,misto,0,2,16068,71150,144626,13708,130918
M1,1106,193,misto,0,1,16008,70624,142472,12782,129690
M1,1106,194,misto,0,0,15885,70473,140170,12695,127475
M1,1106,195,misto,0,1,31503,78146,142574,13510,129064
M1,1106,196,misto,1,3,25125,74269,143582,13969,129613
M1,1106,197,misto,1,1,25903,74401,141948,13583,128365
M1,1106,198,misto,0,0,16404,70862,141153,13235,127918
M1,1106,199,misto,0,4,16032,70833,145606,13084,132522
M1,1106,200,misto,2,3,32351,78002,142061,12903,129158
M1,1106,201,misto,0,2,16204,72109,144196,13919,130277
M1,1106,202,misto,0,1,16922,71120,142360,13405,128955
M1,1106,203,misto,0,0,15979,71165,140431,12934,127497
M1,1106,204,misto,1,1,26422,74354,142553,13410,129143
M1,1106,205,misto,0,6,15969,71123,144755,13861,130894
M1,1106,206,misto,3,5,38885,83754,144799,13877,130922
M1,1106,207,misto,0,1,16184,71705,143147,13804,129343
M1,1106,208,misto,0,0,16435,71466,140654,13037,127617
M1,1106,209,misto,0,1,15954,69661,141851,12979,128872
M1,1106,210,misto,0,4,15870,71887,142061,12725,129336
M1,1106,211,misto,0,0,16250,69992,141381,13735,127646
M1,1106,212,misto,0,0,16035,71357,141810,13463,128347
M1,1106,213,misto,1,1,25427,75428,142590,13252,129338
M1,1106,214,misto,0,0,15933,71974,142195,13221,128974
M1,1106,215,misto,2,0,31782,78488,140567,12954,127613
M1,1106,216,misto,0,0,16341,70839,143056,13564,129492
M1,1106,217,misto,2,4,32274,78013,142378,13145,129233
M1,1106,218,misto,1,1,25541,74997,141234,13520,127714
M1,1106,219,misto,0,0,16043,70233,142543,13691,128852
M1,1106,220,misto,1,1,45097,88737,142242,13580,128662
M1,1106,221,misto,2,3,32052,79035,144510,14257,130253
M1,1106,222,misto,0,0,16444,72273,142343,13287,129056
M1,1106,223,misto,1,1,25292,74172,143251,13197,130054
M1,1106,224,misto,1,1,25173,75981,142887,13637,129250
M1,1106,225,misto,2,2,32000,78372,142383,13675,128708
M1,1106,226,misto,1,1,24887,74414,141823,13605,128218
M1,1106,227,misto,1,2,25411,74390,144304,13767,130537
M1,1106,228,misto,0,0,15989,70471,142131,13417,128714
M1,1106,229,misto,0,3,16290,71314,142112,12794,129318
M1,1106,230,misto,2,3,32672,78743,140484,13461,127023
M1,1106,231,misto,0,0,16419,70669,143567,13955,129612
M1,1106,232,misto,0,0,15992,71847,142086,13476,128610
M1,1106,233,misto,0,2,15941,72253,141267,12630,128637
M1,1106,234,misto,0,1,16050,70469,141508,12455,129053
M1,1106,235,misto,0,2,15927,71129,143199,13365,129834
M1,1106,236,misto,1,1,32211,79222,142702,13332,129370
M1,1106,237,misto,4,7,45988,89181,144126,13147,130979
M1,1106,238,misto,0,0,16305,70662,143699,13569,130130
M1,1106,239,misto,0,1,16064,71869,141104,12750,128354
M1,1106,240,misto,0,0,16211,72494,141834,13187,128647
M1,1106,241,misto,1,5,25242,74586,143804,13561,130243
M1,1106,242,misto,0,4,16557,71733,144750,13296,131454
M1,1106,243,misto,2,3,38982,82306,145430,13995,131435
M1,1106,244,misto,0,7,16513,70409,144615,13748,130867
M1,1106,245,misto,2,6,32151,78699,144545,14012,130533
M1,1106,246,misto,3,3,53983,109092,143522,13337,130185
M1,1106,247,misto,6,7,54696,109160,145177,13114,132063
M1,1106,248,misto,4,7,45842,88684,145481,13561,131920
M1,1106,249,misto,6,6,54346,108169,144361,13501,130860
M1,1106,250,misto,0,1,51421,98200,142530,13372,129158
M1,1106,251,misto,0,0,53482,108822,143726,13646,130080
M1,1106,252,misto,3,5,38896,83661,143509,13458,130051
M1,1106,253,misto,6,1,54813,109311,142819,13670,129149
M1,1106,254,misto,6,7,54992,109455,144409,13501,130908
M1,1106,255,misto,1,7,24965,74363,145650,13846,131804
M1,1106,256,misto,5,6,54859,109713,145255,13716,131539
M1,1106,257,misto,0,1,16607,71514,142238,13043,129195
M1,1106,258,misto,0,0,16070,71796,141455,13109,128346
M1,1106,259,misto,2,2,53423,109407,142972,13682,129290
M1,1106,260,misto,0,3,15988,71975,143316,13622,129694
M1,1106,261,misto,2,2,53452,109184,143851,13320,130531
M1,1106,262,misto,1,7,53026,109011,142931,13377,129554
M1,1106,263,misto,4,5,45814,87763,143064,13455,129609
M1,1106,264,misto,0,1,16071,71217,142730,13502,129228
M1,1106,265,misto,0,7,16140,71516,141802,12935,128867
M2,1375,2,misto,3,7,34943,83534,137201,12561,124640
M2,1375,3,misto,6,7,55790,107862,143278,13414,129864
M2,1375,4,misto,6,7,54730,107854,143646,13144,130502
M2,1375,5,misto,6,7,54502,108632,142557,13207,129350
M2,1375,6,misto,3,4,53728,107951,141875,13055,128820
M2,1375,7,misto,6,7,54976,108231,142422,12861,129561
M2,1375,8,misto,2,7,51677,98161,144958,12830,132128
M2,1375,9,misto,6,7,54417,108651,143912,13806,130106
M2,1375,10,misto,4,7,54399,108466,143645,13198,130447
M2,1375,11,misto,6,7,54559,109024,143264,13135,130129
M2,1375,12,misto,6,7,54898,107846,142019,13066,128953
M2,1375,13,misto,6,7,54317,107947,144076,12992,131084
M2,1375,14,misto,2,1,31959,79300,141989,13041,128948
M2,1375,15,misto,1,1,31672,78133,143339,13282,130057
M2,1375,16,misto,0,2,16142,70475,142501,13534,128967
M2,1375,17,misto,0,4,15967,71322,141512,12617,128895
M2,1375,18,misto,0,4,16200,70835,142785,12364,130421
M2,1375,19,misto,0,2,16315,70616,140615,12735,127880
M2,1375,20,misto,1,1,25352,73918,140784,13510,127274
M2,1375,21,misto,0,1,16035,70304,142387,13429,128958
M2,1375,22,misto,0,2,16060,71679,141682,13602,128080
M2,1375,23,misto,1,1,25179,75051,141990,13093,128897
M2,1375,24,misto,0,0,16037,70712,141102,12948,128154
M2,1375,25,misto,3,3,38891,82858,141104,12539,128565
M2,1375,26,misto,0,0,15955,70731,140739,13019,127720
M2,1375,27,misto,0,1,16131,71555,140186,12559,127627
M2,1375,28,misto,0,0,17094,70429,138577,12460,126117
M2,1375,29,misto,0,0,16266,70801,138433,12639,125794
M2,1375,30,misto,0,0,31366,78305,140154,13213,126941
M2,1375,31,misto,0,3,16338,69852,141946,13328,128618
M2,1375,32,misto,1,2,25288,73853,139699,12675,127024
M2,1375,33,misto,0,0,15783,70180,140696,13034,127662
M2,1375,34,misto,2,4,31928,77302,141095,12672,128423
M2,1375,35,misto,1,2,25200,74667,140643,13038,127605
M2,1375,36,misto,0,0,16034,70783,141232,13139,128093
M2,1375,37,misto,0,0,16485,70875,143208,14086,129122
M2,1375,38,misto,1,1,25330,74191,139675,12547,127128
M2,1375,39,misto,0,0,16116,70717,140779,13437,127342
M2,1375,40,misto,0,3,15852,72090,141202,12453,128749
M2,1375,41,misto,6,2,54288,109515,142206,13411,128795
M2,1375,42,misto,6,7,54813,108823,143426,12775,130651
M2,1375,43,misto,0,1,16235,70634,143159,13459,129700
M2,1375,44,misto,0,1,15995,71295,142224,13254,128970
M2,1375,45,misto,0,2,15975,71468,141074,12948,128126
M2,1375,46,misto,6,7,54674,108262,143663,13471,130192
M2,1375,47,misto,2,3,32188,78019,143413,12733,130680
M2,1375,48,misto,0,7,15957,71862,144309,13384,130925
M2,1375,49,misto,1,6,25423,73530,144329,13622,130707
M2,1375,50,misto,3,7,38661,82816,144175,13556,130619
M2,1375,51,misto,3,4,38728,82671,143059,13107,129952
M2,1375,52,misto,1,1,25113,74270,141787,13106,128681
M2,1375,53,misto,6,7,54821,107868,143755,12967,130788
M2,1375,54,misto,3,3,54230,109000,142372,13191,129181
M2,1375,55,misto,6,5,54314,109390,143843,13314,130529
M2,1375,56,misto,1,1,25024,74849,142965,12825,130140
M2,1375,57,misto,5,2,52691,97805,142920,13270,129650
M2,1375,58,misto,0,0,16016,71413,141838,13294,128544
M2,1375,59,misto,3,2,38861,82857,142790,13201,129589
M2,1375,60,misto,0,0,16177,70865,140640,13502,127138
M2,1375,61,misto,0,0,16568,70295,140715,12732,127983
M2,1375,62,misto,2,2,32260,78934,139726,12777,126949
M2,1375,63,misto,1,2,24891,74773,141212,13061,128151
M2,1375,64,misto,1,4,25834,74021,144459,13136,131323
M2,1375,65,misto,3,2,38669,82204,143052,13418,129634
M2,1375,66,misto,0,2,16021,71708,143485,13310,130175
M2,1375,67,misto,0,0,16372,71322,140021,12404,127617
M2,1375,68,misto,0,1,15988,70324,141003,12787,128216
M2,1375,69,misto,0,2,16274,71029,141400,12634,128766
M2,1375,70,misto,1,1,25330,74748,141058,13139,127919
M2,1375,71,misto,0,2,15915,71800,142519,13291,129228
M2,1375,72,misto,1,1,25215,75023,143611,13923,129688
M2,1375,73,misto,1,2,25020,75479,142711,13237,129474
M2,1375,74,misto,4,4,53748,109675,142893,12972,129921
M2,1375,75,misto,2,6,32181,78593,143775,13027,130748
M2,1375,76,misto,6,7,54458,108428,145495,13834,131661
M2,1375,77,misto,1,1,25022,74002,143145,13699,129446
M2,1375,78,misto,0,7,31390,79046,144570,13630,130940
M2,1375,79,misto,0,7,15908,72026,143381,13173,130208
M2,1375,80,misto,6,7,55447,108253,145738,13954,131784
M2,1375,81,misto,6,7,54359,109441,143767,13388,130379
M2,1375,82,misto,1,2,25423,74049,141575,13411,128164
M2,1375,83,misto,1,7,25026,73933,145300,13626,131674
M2,1375,84,misto,6,7,54690,108627,143584,13148,130436
M2,1375,85,misto,6,6,55179,109340,143401,12766,130635
M2,1375,86,misto,2,2,33376,78706,143533,13454,130079
M2,1375,87,misto,0,7,24800,74014,143012,13209,129803
M2,1375,88,misto,6,7,54639,107273,143766,13132,130634
M2,1375,89,misto,6,7,55249,109922,143150,13376,129774
M2,1375,90,misto,2,7,31937,78707,145870,13554,132316
M2,1375,91,misto,6,7,54919,108578,145439,13285,132154
M2,1375,92,misto,6,7,54461,108432,144591,13132,131459
M2,1375,93,misto,0,0,16013,71953,142636,13676,128960
M2,1375,94,misto,1,4,25047,74145,144326,13796,130530
M2,1375,95,misto,1,7,25202,73803,150055,14004,136051
M2,1375,96,misto,6,7,54858,109352,143123,13686,129437
M2,1375,97,misto,2,7,53309,109548,143770,13326,130444
M2,1375,98,misto,6,7,54250,108318,143315,13075,130240
M2,1375,99,misto,2,2,31950,78661,141207,13083,128124
M2,1375,100,misto,6,4,54923,108831,143087,13150,129937
M2,1375,101,misto,6,7,54438,110025,145910,13276,132634
M2,1375,102,misto,3,3,39393,82772,144429,13090,131339
M2,1375,103,misto,1,1,25391,73351,145276,13473,131803
M2,1375,104,misto,0,1,15996,70512,141315,13274,128041
M2,1375,105,misto,0,0,16129,71183,140290,13144,127146
M2,1375,106,misto,0,0,16124,70566,141387,12806,128581
M2,1375,107,misto,0,0,16142,70253,138909,12591,126318
M2,1375,108,misto,0,0,16001,71564,139917,12686,127231
M2,1375,109,misto,1,0,25342,75202,142468,13436,129032
M2,1375,110,misto,0,0,16314,71432,141645,13012,128633
M2,1375,111,misto,0,0,15969,71816,142252,13188,129064
M2,1375,112,misto,1,1,25110,75329,142488,13320,129168
M2,1375,113,misto,1,1,25222,75913,141899,13439,128460
M2,1375,114,misto,0,0,15961,71262,142576,13000,129576
M2,1375,115,misto,1,4,38384,82830,143968,13893,130075
M2,1375,116,misto,0,2,24572,74167,143007,13256,129751
